Domaine;Titre;Sous_Titre;Référence_Reglementaire;ID_Article;Exigence;Documents_Justificatif;Lien_1;Lien_2;Lien_3;Lien_4;Derniere_verification_JO
Autorisations et gouvernance Environnementales;Délégués pour l’environnement;Nommination de Délégués pour l’environnement;"Décert exécutif 05-240 du 28 juin 2005 fixant les modalités de désignation des délégués pour l’environnement; Art. 2";2;Pour les installations classées de premiére (1) et de deuxiéme (2) catégories disposant de structures en matiére de protection de l’environnement, le responsable de ces structures est le délégué pour l’environnement au sens des dispositions du présent décret.;Lettre de nomination de la personne responsable de la structure de protection de l environnement;1.1;0;0;0;11/07/2026
Autorisations et gouvernance Environnementales;Délégués pour l’environnement;Nommination de Délégués pour l’environnement;"Décert exécutif 05-240 du 28 juin 2005 établissant les termes de la nomination des délégués pour l environnement; Art. 3";3;Pour les installations classées de premiére catégorie ne disposant pas de structures en matiére de protection de l’environnement, l’exploitant désigne un délégué pour l’environnement, cette désignation est soumise à l’agrément du ministre chargé de l’environnement;Approbation du délégué pour l environnement du ministre de l Environnement;1.1;0;0;0;11/07/2026
Autorisations et gouvernance Environnementales;Délégués pour l’environnement;Nommination de Délégués pour l’environnement;"Décert exécutif 05-240 du 28 juin 2005 établissant les termes de la nomination des délégués pour l environnement; Art. 4";4;Pour les installations classées de deuxiéme catégorie ne disposant pas de structures en matiére de protection de l’environnement, l’exploitant désigne un délégué pour l’environnement et en informe le wali territorialement compétent.;Notification de la nomination du délégué pour l environnement au gouverneur compétent (WALI);1.1;0;0;0;11/07/2026
Autorisations et gouvernance Environnementales;Délégués pour l’environnement;Nommination de Délégués pour l’environnement;"Décert exécutif 05-240 du 28 juin 2005 établissant les termes de la nomination des délégués pour l environnement; Art. 5";5; Pour les installations classées de troisiéme catégorie, l’exploitant peut assurer lui-même le rôle du délégué pour l’environnement ou désigne un délégué. L’exploitant en informe le wali et le président de l’assemblée populaire communale territorialement compétents.;Notification de la nomination du délégué pour l environnement au gouverneur compétent (WALI) et le président de APC;1.1;0;0;0;11/07/2026
Autorisations et gouvernance Environnementales;Délégués pour l’environnement;Missions  de Délégués pour l’environnement;"Décert exécutif 05-240 du 28 juin 2005 établissant les termes de la nomination des délégués pour l environnement; Art. 6";6;Sous l’autorité et la responsabilité de l’exploitant, le délégué pour l’environnement est chargé de recevoir et de renseigner, sauf dans le cas relevant explicitement de la responsabilité de l’exploitant, toute autorité de contrôle en matiére d’environnement, à ce titre il est chargé : — d’élaborer et de tenir à jour l’inventaire des pollutions de l’établissement concerné (effluents liquides, gazeux, déchets solides, nuisances acoustiques) et de leurs impacts, — de contribuer, pour le compte de l’exploitant, à la mise en œuvre des obligations environnementales de l’établissement classé concerné, prévues par les dispositions législatives et réglementaires en vigueur, — d’assurer la sensibilisation du personnel de l’établissement classé en matiére d’environnement,;document décrivant les roles et responsabilitées de déléguée a l environnement;1.1;0;0;0;11/07/2026
Autorisations et gouvernance Environnementales;Délégués pour l’environnement;Moyens a mettre en place pour le Délégués pour l’environnement;"Décert exécutif 05-240 du 28 juin 2005 établissant les termes de la nomination des délégués pour l environnement; Art. 7";7;L’exploitant de l’établissement est tenu de doter le délégué pour l’environnement des moyens lui permettant d’assurer ses missions.;Dossiers de formation de déléguée de l environnement Moyens matériel pour assurer ses fonctions;1.1;0;0;0;11/07/2026
Autorisations et gouvernance Environnementales;Fermeture  du site;Notification des autorité;"Décret exécutif n° 22-167 du 19 Avril 2022 JO N° 29 du 24 Avril 2022, Page 8 Art. 8 modifiant Art. 41 du Décret exécutif 06-198 du 31 mai 2006 sur le réglement régissant les établissements classées pour la protection de l environnement;";8;Si l’établissement classé ou, au moins, une de ses installations est mis(e) à l’arrêt définitif, son exploitant est tenu de remettre le site, objet de la mise à l’arrêt définitif, dans un état tel qu’il ne s’y manifeste aucun danger ou inconvénient pour l’environnement;0;1.2;0;0;0;10/07/2026
Autorisations et gouvernance Environnementales;Fermeture  du site;Plan de dépollutions;"Décret exécutif n° 22-167 du 19 Avril 2022 JO N° 29 du 24 Avril 2022, Page 8 Art. 9 modifiant Art. 42 du Décret exécutif 06-198 du 31 mai 2006 sur le réglement régissant les établissements classées pour la protection de l environnement;";9;L’exploitant doit déclarer la mise à l’arrêt définitif de son établissement classé ou d’au moins, une de ses installations. Les conditions et les modalités de mise à l’arrêt définitif de l’établissement classé ou d’au moins, une de ses installations ainsi que le contrôle de leur exécution, sont définis par arrêté du ministre chargé de l’environnement ;Notification de fermeture et plan de dépollution;1.2 ;1.2.1;0;0;11/07/2026
Autorisations et gouvernance Environnementales;Taxes et frais environnementaux;Taxes sur les  installations classées;" Décret exécutif n ° 09-336 sur la taxe sur les activités polluantes et dangereuses pour l environnement; Art. 2 Loi 99-11 du 23 décembre 1999 concernant la loi financiére pour l année 2000; Art. 54 Loi 01-21 du 22 décembre 2001 concernant la loi financiére pour l année 2002; Art. 202 ";2;Sur la base de la nomenclature des installations classées pour la protection de l environnement, la liste des activités polluantes ou dangereuses pour l environnement soumises à la taxe figure à l annexe du présent décret.;Preuve de paiement de la taxe sur les activités polluantes et dangereuses;1.3;1.3.1 ;1.3.2;0;11/07/2026
Autorisations et gouvernance Environnementales;Taxes et frais environnementaux;Taxes de stockage de déchets;"Loi 01-21 du 22 décembre 2001 concernant la loi financiére pour l année 2002; Art. 203";203;Si l installation stocke les déchets dangereux industriels, il a payé l impôt sur le stockage des déchets dangereux.;Preuve de paiement de la taxe sur le stockage des déchets dangereux;1.3.2;0;0;0;11/07/2026
Autorisations et gouvernance Environnementales;Taxes et frais environnementaux;Taxe des activités polluantes ou dangereuses.;"Décret exécutif n ° 09-336 sur la taxe sur les activités polluantes et dangereuses pour l environnement; Art. 3";3;Si l installation exploite ou transporte des produits ou activité dangereuse pour environnement, il paie la taxe pour les activités polluantes ou dangereuses.;Recettes pour le paiement de l impôt sur les activités polluantes et dangereuses;1.3;0;0;0;11/07/2026
Autorisations et gouvernance Environnementales;Autorisation d exploitation;Autorisation d exploitation pour ICPE de catégorie 1,2 et 3;"1.4. Loi n° 03-10 du 19 juillet 2003 relative à la protection de l´environnement dans le cadre du développement durable art.19  Décret exécutif n ° 07-144 du 19 mai 2007 sur la nomenclature des établissements classées; Annexe  Décret exécutif n° 24-197 art.2 modifiant art.44 du 06-198";19;"Si l installation appartient à l une des trois premiéres catégories de ""établissements classées"" en fonction de la nomenclature d installation classéee, il doit obtenir une  autorisation d'exploitation avant de commencer son activité.";Autorisation d exploitation;1.4;1.4.1;1.4.2;1.4.3;17/07/2026
Autorisations et gouvernance Environnementales;Autorisation d exploitation;Autorisation d exploitation pour ICPE de catégorie  4;"Décret exécutif 06-198 du 31 mai 2006 sur le réglement régissant les établissements classées pour la protection de l environnement; Art. 24 Décret exécutif n ° 07-144 du 19 mai 2007 sur la nomenclature des établissements classées; Annexe";24;La déclaration d'exploitation d'un Ètablissement classÈ de quatriËme catÈgorie est adressÈe au prÈsident de líassemblÈe populaire communale territorialement compÈtent, soixante (60) jours au moins avant sa mise en exploitation;La déclaration d'exploitation;1.4.2;0;0;0;17/07/2026
Autorisations et gouvernance Environnementales;Autorisation d exploitation;Régularisation des ICPE;Décret exécutif n° 24-197 art.2 modifiant art.44 du 06-198;44;Art. 44. — Tout exploitant d'un établissement classé existant n'ayant pas fait l'objet d'autorisation ou de déclaration d'exploitation, doit procéder à la régularisation de sa situation, dans un délai n'excédant pas trois (3) ans, à compter de la date de promulgation du présent décret. (mi 2024);Autorisation d exploitation;1.4.3;0;0;0;17/07/2026
Autorisations et gouvernance Environnementales;Autorisation d exploitation;Modification des ICPE;"Décret exécutif 06-198 du 31 mai 2006 sur le réglement régissant les établissements classées pour la protection de l environnement; Art. 38 Décret exécutif n ° 07-144 du 19 mai 2007 sur la nomenclature des établissements classées; Annexe";38;Si l installation a effectué des modifications en vue pour modifier le processus de production, ou pour transformer l équipement ou étendre l activité, une nouvelle autorisation ou déclaration d exploitation en fonction de la catégorie de l établissement classée est requise;Autorisation d exploitation;1.4.2;0;0;0;17/07/2026
Autorisations et gouvernance Environnementales;Autorisation d exploitation;Modification des ICPE;"Décret exécutif 06-198 du 31 mai 2006 sur le réglement régissant les établissements classées pour la protection de l environnement; Art. 39 Décret exécutif n ° 07-144 du 19 mai 2007 sur la nomenclature des établissements classées; Annexe";39;Tout transfert d'un Ètablissement classé ou d'une installation classÈe sur un autre emplacement nÈcessite une nouvelle demande d'autorisation díexploitation d'Ètablissement classÈ ou une nouvelle dÈclaration.;Autorisation de d'exploitation ;1.4.2;0;0;0;17/07/2026
Autorisations et gouvernance Environnementales;Autorisation d exploitation;Modification des ICPE de catégorie 4;"Décret exécutif 06-198 du 31 mai 2006 sur le réglement régissant les établissements classées pour la protection de l environnement; Art. 27";27;Si l installation appartient à la 4e catégorie des «établissements classées» et effectue des modifications, ou des modifications de son fonctionnement, de sa production ou de son fonctionnement, il a soumis une déclaration complémentaire (complémentaire de la décompte).;"Déclaration complémentaire des modifications ou modifications de l opération ou de la production de la 4e catégorie d un ""établissement classée""";1.4.2;0;0;0;17/07/2026
Autorisations et gouvernance Environnementales;Autorisation d exploitation;Contenue de l'arreté de  l'autorisation d'exploitation;"Décret exécutif 06-198 du 31 mai 2006 sur le réglement régissant les établissements classées pour la protection de l environnement; Art. 21";21;L arreté d autorisation d exploitation de l Ètablissement classé fixe les prescriptions techniques spécifiques de nature à prévenir, réduire et/ou supprimer les pollutions, les nuisances et les dangers générés par l'Ètablissement classÈ sur líenvironnement.;nan;1.4.2;0;0;0;17/07/2026
Autorisations et gouvernance Environnementales;Autorisation d exploitation;Etude de danger;"Décret exécutif 06-198 du 31 mai 2006 sur le réglement régissant les établissements classées pour la protection de l environnement; Art. 5  Décret exécutif n ° 07-144 du 19 mai 2007 sur la nomenclature des établissements classées; -";5;Toute demande d autorisation d exploitation d un etablissement classé est precedée, selon le cas et conformément ‡ la nomenclature des installations classées : - d une etude ou d une notice d impact sur l environnement établie et approuvée selon les conditions fixées par la réglementation en vigueur, - d une étude de danger établie et approuvée selon les conditions fixées par le présent décret, - d une enqu te publique effectuée conformément aux modalités fixées par la réglementation en vigueur;#NOM?;1.4.2;0;0;0;17/07/2026
Autorisations et gouvernance Environnementales;Autorisation d exploitation;rapport de produit dangereux;"Décret exécutif 06-198 du 31 mai 2006 sur le réglement régissant les établissements classées pour la protection de l environnement; Art. 9";9;Pour les Ètablissements classÈs pour lesquels la nomenclature des installations classÈes ne prÈvoit pas díÈtude de danger, le dossier de demande doit toutefois comporter un rapport sur les produits dangereux quíil est susceptible de dÈtenir de maniËre ‡ apprÈcier les risques envisageables;Rapport des produits dangereux;1.4.2;0;0;0;17/07/2026
Autorisations et gouvernance Environnementales;Autorisation d exploitation;Etude  d impact environnemental;"Loi 03-10 du 19 juillet 2003 sur la protection de l environnement dans la perspective du développement durable; Art. 15 et art. 16 Décret exécutif n ° 07-145 du 19 mai 2007 sur la détermination de la portée, le contenu et les termes d approbation de l évaluation de l impact environnemental; Art. 3, 6, annexe1";15;Si l installation entreprend une activité répertoriée à l annexe 1 du décret exécutif n ° 07-145 de 2007 sur la détermination de la portée, le contenu et les termes d approbation de l évaluation de l impact environnemental ou une activité qui nécessite une évaluation de l impact environnemental en fonction de la nomenclature d installation classéee, elle a effectué une évaluation de l impact environnemental.;Etude  de l impact environnemental;1.4.4;0;0;0;17/07/2026
Autorisations et gouvernance Environnementales;Autorisation d exploitation;Notice  d impact environnemental;"Loi 03-10 du 19 juillet 2003 sur la protection de l environnement dans la perspective du développement durable; Art. 15 et art. 16 Décret exécutif n ° 07-145 du 19 mai 2007 sur la détermination de la portée, le contenu et les termes d approbation de l évaluation de l impact environnemental; Art. 6, annexe 2";15;S il entreprend une activité répertoriée à l annexe 2 du décret exécutif n ° 07-145 du 19 mai 2007 sur les exigences de portée, de contenu et d approbation des évaluations et des déclarations d impact environnemental, ou une activité qui nécessite un énoncé d impact environnemental selon la nomenclature d installation classéee, l installation a préparé un énoncé d impact environnemental.;Notice  d impact environnemental;1.4.4;0;0;0;17/07/2026
Autorisations et gouvernance Environnementales;Autorisation d exploitation;audit environnemental;"Décret exécutif 06-198 du 31 mai 2006 sur le réglement régissant les établissements classées pour la protection de l environnement; Art. 44";44;Si l installation existante appartient au groupe d établissements classées mais n a pas d autorisation opérationnelle, ou si son autorisation opérationnelle ne correspond à aucune catégorie d établissements classées, il a effectué un audit environnemental.;Autorisation de fonctionnement$Rapport d audit environnemental;1.4.2;0;0;0;17/07/2026
Autorisations et gouvernance Environnementales;Autorisation d exploitation;Hygiene générale de l établissement;"Loi n ° 85-05 du 16 février 1985 sur la protection et la promotion de la santé; Art. 40";40;L'occupation de maisons d'habitation, des édifices à caractères public, la mise en service des entreprises industrielles et toutes autres installations, sont subordonnées, pour les normes d'hygiène et de salubrité définies par la réglementation.;Autorisation relative à la conformité avec les normes d hygiéne et de sécurité;1.5;0;0;0;17/07/2026
Autorisations et gouvernance Environnementales;Autorisation pour la production ou l activité de recherche impliquant des explosifs;Production de produit explosives;"Décret présidentiel 90-198 du 30 juin 1990 sur les explosifs; Art. 8";8;"Outre les dispositions légales et réglementaires en vigueur, toute création d'établissement de production de substances explosives est soumise à autorisation.
Cette autorisation est délivrée par décret exécutif, sur rapport du ministre chargé des mines et après avis du ministère de la défense
nationale.
Les conditions d'implantation, d'aménagement et d'exploitation de l'établissement de production sont soumises a un agrément technique du ministre chargé des mines, délivré sur la base d'une étude de sécurité et après avis du ministre de l'intérieur et du ministre chargé de l'environnement.";Autorisation pour la production ou l activité impliquant des explosifs;1.6;0;0;0;17/07/2026
Autorisations et gouvernance Environnementales;Autorisation pour la production ou l activité de recherche impliquant des explosifs;Recherche impliquant des explosif;"Décret présidentiel 90-198 du 30 juin 1990 sur les explosifs; Art. 7";7;" Les travaux de recherches sur les substances explosives, qu'elles soient ou non destinés à être utilisées pour les effets de leur explosion, doivent en avoir préalablement reçu l'autorisation.
Cette autorisation, délivrée par décision du ministre chargé de la recherche scientifique, est notifiée au ministre de la défense
nationale, au ministre chargé de l'environnement, au ministre de l'intérieur et au ministre chargé des mines.";Autorisation de recherche impliquant des explosifs;1.6;0;0;0;17/07/2026
Autorisations et gouvernance Environnementales;Autorisation d’aquisition des produit dangereux;Aquisition locale des produits dangereux;Arrêté interministériel du 21 Chaâbane 1435 correspondant au 19 juin 2014 fixant les conditions et modalités d'acquisition sur le marché national des matières et produits chimiques dangereux par les personnes physiques ou morales dont les activités professionnelles ou personnelles nécessitent l'emploi de matières et/ou de produits chimiques dangereux de manière ponctuelle, circonstancielle et/ou accessoire.art 2;2;L'acquisition sur le marché national des matières et produits chimiques dangereux par les personnes physiques ou morales dont les activités professionnelles ou personnelles nécessitent l'emploi de ces matières et/ou produits de manière ponctuelle, circonstancielle et/ou accessoire, est subordonnée à une autorisation délivrée par le wali du lieu d'activité pour les personnes physiques, ou du siège social pour les personnes morales, après avis des services de sécurité et de la protection civile.;Autorisation d aquisition locale des produits chimiques et des matériaux dangereux ainsi que des conteneurs de gaz sous pression;1.7.1;0;0;0;17/07/2026
Autorisations et gouvernance Environnementales;Autorisation d’aquisition des produit dangereux;Mouvement des produits dangereux;Arrêté interministériel du 21 Chaâbane 1435 correspondant au 19 juin 2014 fixant les conditions et modalités d'acquisition sur le marché national des matières et produits chimiques dangereux par les personnes physiques ou morales dont les activités professionnelles ou personnelles nécessitent l'emploi de matières et/ou de produits chimiques dangereux de manière ponctuelle, circonstancielle et/ou accessoire.art 9 a 12;9 à 12;"Chaque mouvement de produits chimiques dangereux doit être validé par le cachet humide de l'opérateur sur l'autorisation d'acquisition, avec un reporting mensuel obligatoire transmis par la wilaya aux autorités compétentes. art 9,11
En cas de livraison partielle, l'acheteur peut utiliser le solde restant chez d'autres opérateurs, tandis que toute cessation d'activité impose une notification immédiate pour régulariser les stocks restant art 12";"Autorisation d'aquisition avec cachet humide de fournisseur
les rapport de stock mensuel";1.7.1;0;0;0;17/07/2026
Autorisations et gouvernance Environnementales;Autorisation d’aquisition des produit dangereux;habilitation du personnel affecté aux tâches de stockage des matières et produits chimiques dangereux ainsi que les récipients de gaz sous pression.;Arrêté interministériel du 10 Ramadhan 1435 correspondant au 8 juillet 2014 fixant les conditions et modalités d'habilitation du personnel affecté aux tâches de stockage des matières et produits chimiques dangereux ainsi que les récipients de gaz sous pression. art 2;2;L'habilitation du personnel affecté aux tâches de stockage des matières et produits chimiques dangereux, visée par le wali, est délivrée par la direction chargée de l'énergie de la wilaya du lieu de stockage des matières et produits chimiques dangereux, après avis favorable des services de sécurité et de la direction chargée de l'industrie territorialement compétents.;L'habilitation du personnel ;1.7.2;0;0;0;17/07/2026
Autorisations et gouvernance Environnementales;Autorisation d’aquisition des produit dangereux;Liste des produit chimique dangereux soumis a autorisation;Arrêté interministériel du 13 Dhou El Hidja 1445 correspondant au 19 juin 2024 modifiant l'arrêté interministériel du 13 Safar 1437 correspondant au 5 novembre 2015 fixant la liste et la classification des matières et produits chimiques dangereux Art 1;1;"La liste des matières et produits chimiques dangereux annexée à l'original de l'arrêté interministériel du 13 Safar 1437 correspondant au 25 novembre 2015 susvisé, est remplacée par la liste annexée à l’original du présent arrêté.
La liste des matières et produits chimiques dangereux est rendue publique par les services compétents du ministère chargé de l’énergie. ";Liste des produits chimique soumis a autorisation;1.7.3;1.7.3 BIS;0;0;17/07/2026
Autorisations et gouvernance Environnementales;Autorisation d’aquisition des produit dangereux;Aquisition des engrais produit phytosanitaire àusage agricole produit paramédicaux et toxique;Décret exécutif n° 10-19 du 26 Moharram 1431 correspondant au 12 janvier 2010 modifiant et complétant le décret exécutif n° 03-451 du 7 Chaoual 1424 correspondant au 1er décembre 2003 définissant les règles de sécurité applicables aux activités portant sur les matières et produits chimiques dangereux ainsi qu'aux récipients de gaz sous pression. Art 11;11;"L’acquisition sur le marché national des engrais, des produits phytosanitaires à usage agricole, des produits paramédicaux et des produits toxiques ou présentant un risque particulier et contenant des matières figurant sur la liste prévue à l’article 2 ci-dessus, obéit aux dispositions particulières fixées par arrêté conjoint des ministres chargés de l’intérieur, de la défense nationale, de l’énergie et des mines et du ministre concerné.
Arrêté inter du 07 Mars 2016 JO N° 9 du 12 Février 2017, Page 16 Fixant les conditions et modalités d'acquisition, sur le marché national, des produits paramédicaux et des produits toxiques ou présentant un risque particulier et contenant des matières et produits chimiques dangereux.";Autorisation d'aquisition ;1.7.4;0;0;0;17/07/2026
Autorisations et gouvernance Environnementales;Autorisation d’aquisition des produit dangereux;Agrément d'aquisition de produit dangereux;"Arrêté inter du 08 Juillet 2014,JO N° 23 du 06 Mai 2015, Page 18nFixant les conditions et modalités de délivrance de l'agrément des opérateurs pournl'exercice des activités nécessitant l'emploi des matières et produitsnchimiques dangereux ainsi que les récipients de gaz sous pression modifié par Arrêté inter du 29 Décembre 2016 JO N° 3 du 18 Janvier 2017, Page 15
Modifiant et complétant l'arrêté interministériel du 10 Ramadhan 1435 correspondant au 8 juillet 2014 fixant les conditions et modalités de délivrance de l'agrément des opérateurs pour l'exercice des activités nécessitant l'emploi des matières et produits chimiques dangereux ainsi que les récipients de gaz sous pression. art 14";14;Les personnes physiques ou morales exerçant, conformément à la législation et à la réglementation en vigueur, des activités professionnelles portant sur des matières et produits chimiques dangereux ainsi que les récipients de gaz sous pression, sont autorisées à poursuivre leurs activités, elles sont tenues, toutefois, de se conformer aux dispositions du présent arrêté avant le 31 décembre 2017.;agrément ;1.7.5;1.7.5 BIS;0;0;17/07/2026
Autorisations et gouvernance Environnementales;Autorisation d exploitation; régles générales pour la prévention des risques d incendie et de panique ;"Loi n ° 19-02 pour les régles générales pour la prévention des risques d incendie et de panique; Article 23";23; L’exploitation des établissements recevant du public et immeubles de grande et de très grande hauteurs, en fonction de leur classement, est soumise à une autorisation délivrée par le wali, territorialement compétent, après avis de la commission de prévention des risques d’incendie et de panique ;Permis de construction;0;0;0;0;17/07/2026
Autorisations et gouvernance Environnementales;Permis de construction;Obligation de disposer d'un permis de construire;"Loi  90-29 du 1er décembre 1990 sur le développement urbain et la planification des pays; Art. 52
 Loi n ° 08-15 du 20 juillet 2008 sur les régles de conformité des bâtiments; Art. 6
 Décret exécutif n ° 15-19 du 25 janvier 2015 établissant les procédures de préparation et de permis liées aux activités de construction; Art. 41; Art. 42; Art. 43; Art. 44";41,44;Toute nouvelle construction ou transformation de construction dont les travaux portent sur le changement de : l'emprise au sol, le gabarit, la façade, la vocation ou la destination, la structure porteuse et les réseaux collectifs traversant la propriété, est subordonnée à la possession d'un permis de construire, conformément aux dispositions des articles 49, 52 et 55 de la loi n° 90-29 du 1er décembre 1990, susvisée, et dans le respect de l'article 1er du présent décret.;Permis de construction;1.9.3;1.9.1;1.9.2;0;17/07/2026
Autorisations et gouvernance Environnementales;Permis de construction;Le permis de démolir;"Law 90-29 du 1er décembre 1990 sur le développement urbain et la planification des pays; Art. 60";60;Le permis de démolir est exigé pour toute démolition totale ou partielle d'une construction dans les territoires visés à l'article 46 ci-dessus, ou chaque fois que les conditions techniques et de sécurité le commandent;Permis de démolition;0;0;0;0;17/07/2026
Autorisations et gouvernance Environnementales;Permis de construction;Certificat de conformité de batiment;"Décret exécutif n ° 09-154 du 2 mai 2009 sur les procédures de déclaration de conformité pour les bâtiments; Art. 3 
Loi n ° 08-15 du 20 juillet 2008 sur les régles de conformité des bâtiments; Art. 14 
Décret exécutif n ° 15-19 du 25 janvier 2015 établissant les procédures de préparation et de permis liées aux activités de construction; Art. 66";3;"À l'achèvement des travaux, le bénéficiaire du permis de construire doit déclarer l'achèvement de la construction (ou déposer le procès-verbal de réception établi par le CTC, selon le type de construction) auprès de l'Assemblée populaire communale dans un délai de 30 jours. Une commission procède ensuite au contrôle de conformité afin de vérifier que la construction est conforme au permis de construire, notamment en ce qui concerne l'implantation, le gabarit, la destination (vocation) et les façades.

Lorsque les travaux sont reconnus conformes, le président de l'Assemblée populaire communale délivre un certificat de conformité, qui atteste que la construction est réalisée conformément au permis de construire et aux dispositions réglementaires applicables. Ce certificat constitue la preuve officielle de la conformité de la construction.";Certificat de conformité du bâtiment;1.9.4;1.9.2;1.9.3;0;17/07/2026
Autorisations et gouvernance Environnementales;Permis de construction;0;"Décret exécutif n ° 15-19 du 25 janvier 2015 établissant les procédures de préparation et de permis liées aux activités de construction; Art. 60";60;Le bénéficiaire des travaux doit afficher, pendant toute la durée du chantier, un panneau réglementaire visible de l'extérieur indiquant notamment les références du permis de construire, la nature de la construction, la hauteur, la superficie du terrain, les dates d'ouverture et de fin prévisionnelle des travaux ainsi que, le cas échéant, le nom du maître d'ouvrage, du bureau d'études et de l'entreprise de réalisation.;Panneau de chantier ;1.9.3;0;0;0;17/07/2026
Autorisations et gouvernance Environnementales;Audits energitique;Seuil  de consommation pour audit energitique;"Décret exécutif n ° 05-495 du 26 décembre 2005 concernant l audit énergétique des établissements de consommation d énergie élevés; Art. 10-13";10,13;"Art. 10. – Sont soumis à l'obligation d'audit énergétique tous les établissements industriels, de transport et du tertiaire, quelles que soient leur nature juridique ou leur activité dès lors que leur consommation annuelle d'énergie atteigne les seuils fixés aux articles 11, 12 et 13 ci-dessous.

Art. 11. – Les établissements industriels dont la consommation annuelle totale d'énergie est égale ou supérieure à 2 000 tonnes équivalent pétrole (tep) sont assujettis à l'obligation d'audit énergétique.

Art. 12. – Les établissements de transport dont la consommation annuelle totale d'énergie est égale ou supérieure à 1 000 tonnes équivalent pétrole (tep) sont assujettis à l'obligation d'audit énergétique.

Art. 13. – Les établissements du secteur tertiaire dont la consommation annuelle totale d'énergie est égale ou supérieure à 500 tonnes équivalent pétrole (tep) sont assujettis à l'obligation d'audit énergétique.";Rapport d audit énergétique;1.10;0;0;0;17/07/2026
Autorisations et gouvernance Environnementales;Audits energitique;Obligation de réalisation d'audit energitique;"Décret exécutif n ° 05-495 du 26 décembre 2005 concernant l audit énergétique des établissements de consommation d énergie élevés; Article (16)";15;L'établissement dont les consommations énergétiques constatées durant les 5 derniere année  (ou déclarées pour un établissement neuf) atteignent les seuils réglementaires doit réaliser un  audit énergétique.;Document sur la consommation d énergie annuelle Rapport à l Agence nationale pour la promotion et la rationalisation de la consommation d énergie (APRUE) sur le niveau de consommation annuelle de la société de la société;1.10;0;0;0;17/07/2026
Autorisations et gouvernance Environnementales;Audits energitique;Déclaration APRUE;"Décret exécutif n ° 05-495 du 26 décembre 2005 concernant l audit énergétique des établissements de consommation d énergie élevés; Article (16).";16;Tout établissement assujetti au sens des articles 11, 12, 13, 15 et 18 du présent décret est tenu de se déclarer à l'Agence pour la promotion et la rationalisation de l'utilisation de l'énergie.;Déclaration Aprue;1.10;0;0;0;17/07/2026
Autorisations et gouvernance Environnementales;Audits energitique;Responsable chargé de la gestion de l'énergie ;"Décret exécutif n ° 05-495 du 26 décembre 2005 concernant l audit énergétique des établissements de consommation d énergie élevés; Article (17)";17;Les établissements assujettis doivent désigner chacun un responsable chargé de la gestion de l'énergie pour assurer, notamment, le suivi des diagnostics énergétiques de l'établissement et la mise en œuvre éventuelle des actions de rational;nommination de responsable energitique;1.10;0;0;0;17/07/2026
Autorisations et gouvernance Environnementales;Audits energitique;rapport d'audit;"Décret exécutif n ° 05-495 du 26 décembre 2005 concernant l audit énergétique des établissements de consommation d énergie élevés; Article 18";18;"Tout établissement assujetti est tenu de faire effectuer, à ses frais, périodiquement, par un bureau d'audit énergétique agréé, un audit énergétique tel que défini à l'article 4 du présent décret.

La périodicité de l'audit énergétique est fixée à trois (3) ans pour les établissements industriels et de transport et à cinq (5) ans pour les établissements du tertiaire.";Rapport sur l audit énergétique Document sur la consommation d énergie annuelle;1.10;0;0;0;17/07/2026
Air;Généralités;prescription technique;"Décret exécutif 06-138 du 15 avril 2006 régulant les émissions de gaz, les fumées, les vapeurs, les liquides ou les particules solides dans l atmosphére et les conditions de leur contrôle.; Art. 4";4;L'établissement doit concevoir, construire et exploiter les installations générant des rejets atmosphériques de manière à éviter, prévenir ou réduire ces rejets à la source, et à respecter les valeurs limites d'émission réglementaires.;"Documentation technique de l'installation
Enregistrements de surveillance des émissions";2.1;0;0;0;18/07/2026
Air;Généralités;prescription technique;"Décret exécutif 06-138 du 15 avril 2006 régulant les émissions de gaz, les fumées, les vapeurs, les liquides ou les particules solides dans l atmosphére et les conditions de leur contrôle.; Art. 5";5;L'établissement doit identifier les rejets atmosphériques et les capter au plus près de leur source d'émission.;"Documentation technique de l'installation
Enregistrements de surveillance des émissions";2.1;0;0;0;18/07/2026
Air;Généralités;prescription technique;"Décret exécutif 06-138 du 15 avril 2006 régulant les émissions de gaz, les fumées, les vapeurs, les liquides ou les particules solides dans l atmosphére et les conditions de leur contrôle.; Art. 6";6;L installation garantit que le nombre de points d émission ou l emplacement des décharges atmosphériques est aussi faible que possible;"Documentation technique de l'installation
Enregistrements de surveillance des émissions";2.1;0;0;0;18/07/2026
Air;Généralités;prescription technique;"Décret exécutif 06-138 du 15 avril 2006 régulant les émissions de gaz, les fumées, les vapeurs, les liquides ou les particules solides dans l atmosphére et les conditions de leur contrôle.; Art. 7";7;Si l installation traite ses émissions, les installations de traitement sont conçues, exécutées et entretenues de maniére à réduire au minimum les périodes où elles ne peuvent pas fonctionner à pleine capacité.;"Documentation technique de l'installation
Enregistrements de surveillance des émissions";2.1;0;0;0;18/07/2026
Air;Généralités;prescription technique;"Décret exécutif 06-138 du 15 avril 2006 régulant les émissions de gaz, les fumées, les vapeurs, les liquides ou les particules solides dans l atmosphére et les conditions de leur contrôle.; Art. 8";8;Si l installation prétraite ses émissions, il a installé des cheminées ou des dispositifs d évacuation pour évacuer les émissions traitées, et qui sont conçues de maniére à permettre une bonne dispersion des émissions dans l atmosphére.;"Documentation technique de l'installation
Enregistrements de surveillance des émissions";2.1;0;0;0;18/07/2026
Air;Généralités;prescription technique;"Décret exécutif 06-138 du 15 avril 2006 régulant les émissions de gaz, les fumées, les vapeurs, les liquides ou les particules solides dans l atmosphére et les conditions de leur contrôle.; Art. 10";10;L'exploitant d'une installation générant des rejets atmosphériques non soumise à la réglementation des installations classées doit fournir à l'autorité compétente les informations relatives à la nature et à la quantité des émissions, au point de rejet, à la hauteur du rejet, à ses variations dans le temps, aux autres caractéristiques des émissions ainsi qu'aux mesures mises en œuvre pour les réduire.;"Documentation technique de l'installation
Enregistrements de surveillance des émissions";2.1;0;0;0;18/07/2026
Air;Limites d émission;Obligation de respect des valeur limite;"Décret exécutif 06-138 du 15 avril 2006 régulant les émissions de gaz, les fumées, les vapeurs, les liquides ou les particules solides dans l atmosphére et les conditions de leur contrôle.; Art. 3";3;L'établissement doit respecter les valeurs limites réglementaires des rejets atmosphériques applicables à la nature de son installation. Les installations industrielles existantes peuvent bénéficier de tolérances temporaires pendant la période de mise à niveau prévue par la réglementation, selon leur catégorie d'activité, tandis que les installations pétrolières sont soumises à un délai spécifique de mise en conformité.;Registre des mesures des polluants atmosphériques;2.1;0;0;0;18/07/2026
Air;Limites d émission;taxe complémentaire sur la pollution atmosphérique;"Décret exécutif n ° 07-299 du 27 septembre 2007 pour déterminer les termes de la mise en œuvre de la taxe supplémentaire sur la pollution atmosphérique causée par les installations industrielles; Art. 2 a art 4 
Loi 01-21 du 22 décembre 2001 concernant la loi financiére pour l année 2002; Art. 205";2 à 4;L'établissement doit respecter les valeurs limites réglementaires des émissions atmosphériques tel decrit dans le decret 06-138 afin d'éviter l'application de la taxe complémentaire sur la pollution atmosphérique d'origine industrielle, dont le montant est déterminé en fonction du dépassement constaté sur la base des analyses de l'ONEDD.;Preuve de paiement de la taxe supplémentaire sur la pollution de l air;2.2;2.1;0;0;18/07/2026
Air;Limites d émission;Mesures à prendre en cas d'indisponibilité des installations de traitement;"Décret exécutif 06-138 du 15 avril 2006 régulant les émissions de gaz, les fumées, les vapeurs, les liquides ou les particules solides dans l atmosphére et les conditions de leur contrôle.; Art. 7";7;L'établissement doit concevoir, exploiter et entretenir les installations de traitement des rejets atmosphériques de manière à réduire au minimum leur indisponibilité. En cas d'indisponibilité susceptible d'entraîner un dépassement des valeurs limites d'émission, il doit prendre les mesures nécessaires pour réduire les émissions ou, si nécessaire, arrêter les activités concernées.;Enregistrements de surveillance des émissions;2.1;0;0;0;18/07/2026
Air;Limites d émission;Mesures à prendre en cas de dépassement des limites;"Décret exécutif 06-138 du 15 avril 2006 régulant les émissions de gaz, les fumées, les vapeurs, les liquides ou les particules solides dans l atmosphére et les conditions de leur contrôle.; Art. 15";15;Si l installation dépasse les valeurs de limite d émission d air indiquées à l annexe 1 du decret 06-138 , L'établissement doit justifier tout dépassement constaté et mettre en œuvre, ou prévoir, les actions correctives nécessaires pour y remédier.;"Explication détaillée, commentaires et arguments sur le dépassement des valeurs de limite d émission d air
Notification sur les actions correctives lorsque les limites d émission sont dépassées";2.1;0;0;0;18/07/2026
Air;Limites d émission;Obligation légal en cas  de panne de equipement de traitement;"Décret exécutif 06-138 du 15 avril 2006 régulant les émissions de gaz, les fumées, les vapeurs, les liquides ou les particules solides dans l atmosphére et les conditions de leur contrôle.; Art. 9";9;L établissement informe immédiatement l autorité compétente s il y a eu des polluants atmosphériques émis directement dans l atmosphére en raison du dysfonctionnement de l équipement de prétraitement.;Lettre de notification en cas de pollution atmosphérique;2.1;0;0;0;18/07/2026
Air;Mesure et rapport;l échantillonnage et mesures  des émissions.;"Décret exécutif 06-138 du 15 avril 2006 régulant les émissions de gaz, les fumées, les vapeurs, les liquides ou les particules solides dans l atmosphére et les conditions de leur contrôle.; Art. 11";11;L'exploitant doit tenir un registre des analyses des rejets atmosphériques, consignant les dates et les résultats des mesures réalisées conformément à la réglementation. Les mesures sont effectuées sous sa responsabilité et à ses frais.;Registre des mesures des polluants atmosphériques;2.1;0;0;0;18/07/2026
Air;Mesure et rapport;Mise à disposition des résultats des émissions;"Décret exécutif 06-138 du 15 avril 2006 régulant les émissions de gaz, les fumées, les vapeurs, les liquides ou les particules solides dans l atmosphére et les conditions de leur contrôle.; Art. 12";12;Le résultat des mesures sur les émissions d air est mis à la disposition de l autorité d inspection représentant le ministére de l environnement sur demande.;Registre des mesures des polluants atmosphériques;2.1;0;0;0;18/07/2026
Air;Émissions de solvant / COV;Limite reglementaire;"Décret exécutif 06-138 du 15 avril 2006 régulant les émissions de gaz, les fumées, les vapeurs, les liquides ou les particules solides dans l atmosphére et les conditions de leur contrôle.; Annexe 1";16;L installation garantit que l émission du composé organique volatil ne dépasse pas 150 mg / nm3.;Enregistrements de la surveillance des émissions de composés organiques volatils;2.1;0;0;0;18/07/2026
Air;Émissions de bruit ambiant;Conception;"Loi 03-10 du 19 juillet 2003 sur la protection de l environnement dans la perspective du développement durable; Art. 44 et art. 46 Décret exécutif 93-184 du 27 juillet 1993 sur les émissions de bruit.; Art. 7";7;L infrastructure des installations est construite, exécutée et conçue de maniére à réduire le bruit ambiant généré.;Enregistre sur le bruit ambiant généré par l installation;2.3.2;2.3.1;0;0;18/07/2026
Air;Émissions de bruit ambiant;Valeurs limite de bruit;"Décret exécutif 93-184 du 27 juillet 1993 sur les émissions de bruit.; Art.2 et Art 3";6;"Art. 2. - Les niveaux sonores maximums admis dans les zones d'habitation et dans les voies et lieux publics ou privés sont de 70 décibels (70 DB) en période diurne (6 heures a 22 heures) et de 45 décibels (45 DB) en période nocturne (22 heures a 6 heures). 
Art. 3.- Les niveaux sonores maximums admis au voisinage immédiat des établissements hospitaliers ou d'enseignement et dans les aires de repos et de détente ainsi que dans leur enceinte sont de 45 décibels (DB) en période diurne (6 heures a 22 heures) et de 40 décibels (DB) en période nocturne (22 h a 6 h). ";Cartographie de bruit;2.3.2;0;0;0;18/07/2026
Air;Émissions de bruit ambiant;Obligation légale en cas de dépassement de bruit;"Décret exécutif 93-184 du 27 juillet 1993 sur les émissions de bruit.; Art. 6";6;Si le niveau de bruit généré par l installation dépasse les niveaux de bruit ambiant répertoriés sous l art. 6 du décret exécutif 93-184 du 27 juillet 1993, l installation prend des mesures pour réduire ces niveaux.;Cartographie de bruit incluant les mesures techniques réaliser pour réduire le bruit;2.3.2;0;0;0;18/07/2026
Air;Émissions de bruit ambiant;Autorisation pour les activités générant du bruit;"Loi 03-10 du 19 juillet 2003 sur la protection de l environnement dans la perspective du développement durable; Art. 74";74;Lorsque les activités visées à l'article 73 de la loi 03-10  sont susceptibles, par le bruit qu'elles provoquent, de présenter les dangers ou causer les troubles mentionnés à l'article 72 ci-dessus, elles sont soumises à autorisation;Autorisation pour les activités générant du bruit;2.3.1;0;0;0;18/07/2026
Air;Rayonnement ionisant;Autorisation/ déclatation;"Décret présidentiel 05-117 du 11 avril 2005 sur la protection des travailleurs contre les radiations ionisantes.; Art. 3";3;La détention et l’utilisation des sources de rayonnements ionisants sont soumises au régime de l’autorisation à l’exception de celles qui satisfont aux conditions d’exemption prévues ci-après et qui ne nécessitent qu’une déclaration au commissariat à l’énergie atomique.;Autorisation opérationnelle pour les sources de rayonnement ionisant;2.4;0;0;0;18/07/2026
Air;Rayonnement ionisant;Autorisation d'importation;"Décret présidentiel 05-117 du 11 avril 2005 sur la protection des travailleurs contre les radiations ionisantes.; Art. 5";5;L’importation et l’exportation de sources et matières radioactives sont soumises au visa préalable des services du commissariat à l’énergie atomique;Visa pour importer des substances radioactives ou des sources de rayonnement;2.4;0;0;0;18/07/2026
Air;Rayonnement ionisant;Information préalable de la mise en service;"Décret présidentiel 05-117 du 11 avril 2005 sur la protection des travailleurs contre les radiations ionisantes.; Art. 12";12;L'utilisateur informe le Commissariat à l'énergie atomique au moins trois (3) mois à l'avance de la date de début des essais mettant en jeu des rayonnements ionisants et de la date de mise en service de l'installation ou de la mise en œuvre de la pratique concernée;Lettre d'Information de commissariat» de l énergie atomique aux dates des essais et de mise en services;2.4;0;0;0;18/07/2026
Air;Rayonnement ionisant;Autorisation et contrôle des rejets radioactifs;"Décret présidentiel 05-117 du 11 avril 2005 sur la protection des travailleurs contre les radiations ionisantes.; Art. 87 Décret présidentiel 05-119 du 11 avril 2005 sur la gestion des déchets radioactifs; Art. 7";5;Les rejets de substances radioactives dont les niveaux dépassent les limites d'exemption font l'objet d'une autorisation du Commissariat à l'énergie atomique. L'exploitant assure le contrôle des rejets, la surveillance radiologique et la tenue d'une comptabilité des substances radioactives rejetées.;* Autorisation pour la sortie des matiéres radioactives;2.4;0;0;0;18/07/2026
Air;Rayonnement ionisant;Approbation préalable des installations d'irradiation externe;"Décret présidentiel 05-117 du 11 avril 2005 sur la protection des travailleurs contre les radiations ionisantes.; Art. 85";6;Avant l'implantation d'une installation utilisant une source d'irradiation externe, l'exploitant soumet au Commissariat à l'énergie atomique, pour approbation, les documents techniques et de sûreté requis, notamment les plans de l'installation, les études de radioprotection et d'impact radiologique, les programmes de protection et de mise en service, ainsi que le plan d'urgence et de secours.;"Plan d urgence pour les installations qui utilisent des sources radioactives 
Plans de l installation, y compris l emplacement des sources radioactives 
Évaluations de la protection biologique
Informations sur les mesures prévues afin de réduire l exposition du public aux rayonnements ionisants 
Évaluation de l impact radiologique
Informations sur la contrainte de dose spécifique applicable à l installation nucléaire
Programme d essai de service de l installation nucléaire";2.4;0;0;0;18/07/2026
Air;Rayonnement ionisant;Surveillance des rejets radioactifs;"Décret présidentiel 05-117 du 11 avril 2005 sur la protection des travailleurs contre les radiations ionisantes.; Art. 89";7;L'exploitant assure la surveillance des rejets de substances radioactives au point d'émission et met en œuvre une surveillance radiologique de l'environnement immédiat, adaptée à la nature des opérations;Les enregistrements sur la surveillance des  substances radioactifs à leur point d émission;2.4;0;0;0;18/07/2026
Air;Rayonnement ionisant;Plan d'action et de secours d'urgence radiologique;"Décret présidentiel 05-117 du 11 avril 2005 sur la protection des travailleurs contre les radiations ionisantes.; Art. 97";8;L'utilisateur élabore, fait approuver et met à jour périodiquement un plan d'action et de secours d'urgence radiologique. Il assure la gestion des incidents radiologiques, informe sans délai les autorités compétentes (nottament la protection civile) en cas d'accident, met en œuvre les mesures de protection des travailleurs et du public, et dispense une formation théorique et pratique au personnel d'intervention.;"Plan d'action et de secours d'urgence radiologique.
Approbation du plan par le Commissariat à l'énergie atomique et les services de la Protection civile.
Enregistrements des réexamens et mises à jour du plan.
Registre des incidents/accidents radiologiques et comptes rendus d'analyse.
Procédures de notification des autorités compétentes.
Registres ou attestations de formation théorique et pratique du personnel d'intervention.
Exercices ou simulations d'urgence radiologique (rapports, procès-verbaux, comptes rendus), le cas échéant.";2.4;0;0;0;18/07/2026
Air;Rayonnement ionisant;Plan d'urgence interne (PUI);"Décret exécutif n ° 126-17 de 2017 sur la protection du public et des travailleurs contre les radiations radioactives; Art.12";9;L'exploitant établit un plan d'urgence interne (PUI), fondé sur les risques prévisibles, afin d'assurer la protection des personnes, des biens et de l'environnement.;Plan d urgence interne;2.5;0;0;0;18/07/2026
Air;Rayonnement ionisant;Mise a jours de Plan d'urgence interne;"Décret exécutif n ° 126-17 de 2017 sur la protection du public et des travailleurs contre les radiations radioactives; Art.16";10;e plan d'urgence interne (PUI) est mis à jour au moins une fois par an et chaque fois qu'une modification des conditions d'exercice de l'activité le justifie.;Plan d urgence interne;2.5;0;0;0;18/07/2026
Air;Rayonnement ionisant;Plan particulier d'intervention (PPI);"Décret exécutif n ° 126-17 de 2017 sur la protection du public et des travailleurs contre les radiations radioactives; Art.17";11;Les installations radiologiques et nucléaires classées dans les catégories I et II disposent d'un plan particulier d'intervention (PPI), conformément à la réglementation.;Plan particulier d'intervention (PPI);2.5;0;0;0;18/07/2026
Air;Rayonnement ionisant;Déclenchement du plan d'urgence interne;"Décret exécutif n ° 126-17 de 2017 sur la protection du public et des travailleurs contre les radiations radioactives; Art. 28";12;En cas de déclenchement du plan d'urgence interne (PUI), l'exploitant met en œuvre les moyens nécessaires pour maîtriser le sinistre et protéger les personnes sur site. Il informe sans délai les services de la Protection civile, le wali territorialement compétent et le Commissariat à l'énergie atomique.r;"Procédure de déclenchement du PUI.
Registres ou rapports d'incidents et d'activation du PUI.
Preuves de notification à la Protection civile, au wali et au Commissariat à l'énergie atomique.
Comptes rendus d'intervention et de gestion de l'événement.";2.5;0;0;0;18/07/2026
Eau;Permis / autorisations d utilisation de l eau;0;"Loi 05-12 du 4 août 2005 sur l eau; Art. 71 Décret exécutif n ° 08-148 du 21 mai 2008 établissant les termes d octroi de l autorisation pour l utilisation des ressources en eau; Art. 2 et art. 6";1;Si l installation utilise des ressources en eau (y compris l eau consacrée à l utilisation de l agriculture) en utilisant une installation d abstraction d eau, elle a obtenu une autorisation préalable livrée par l administration compétente.;* Autorisation de l utilisation des ressources en eau;0;0;0;0;11/07/2026
Eau;Permis / autorisations d utilisation de l eau;0;"Loi 05-12 du 4 août 2005 sur l eau; Art. 72";2;Si l installation utilise des ressources en eau (y compris l eau consacrée à l utilisation de l agriculture) en utilisant une installation d abstraction d eau, elle est conforme aux exigences énoncées dans son autorisation.;* Autorisation de l utilisation des ressources en eau;0;0;0;0;11/07/2026
Eau;Mesure et rapport de l utilisation de l eau;0;"Décert exécutif 06-142 du 26 avril 2006 établissant les termes des frais sur l utilisation du domaine public hydraulique; Art. 3";3;Si l installation résume l eau du domaine public de l eau, il soumet un rapport sur les besoins en eau prévue pour l année prochaine à l agence de bassin compétente avant le 31 décembre de chaque année.;* Rapport sur les besoins en eau prévus pour l année prochaine;0;0;0;0;11/07/2026
Eau;Mesure et rapport de l utilisation de l eau;0;"Loi 05-12 du 4 août 2005 sur l eau; Art. 89";4;Si l installation détient une autorisation d utilisation des ressources en eau, elle a mis en place des dispositifs de surveillance de la consommation d eau.;nan;0;0;0;0;11/07/2026
Eau;Frais d utilisation de l eau;0;"Décert exécutif 06-142 du 26 avril 2006 établissant les termes des frais sur l utilisation du domaine public hydraulique; Art. 4";5;Si l installation résume de l eau du domaine public hydraulique, il reste disponible pour l agence de bassin compétente toutes les informations et documents pertinents qui permettent à ce dernier de facturer les frais sur l utilisation du domaine public hydraulique.;* Documents qui permettent à l agence du bassin de facturer les frais d utilisation du domaine public hydraulique;0;0;0;0;11/07/2026
Eau;Protection contre l eau potable;0;"Loi 03-10 du 19 juillet 2003 sur la protection de l environnement dans la perspective du développement durable; Art. 51";6;L installation ne décharge pas les eaux usées ou les déchets dans l eau qui alimente l eau / aquifére souterraine, les puits ou d autres sources d eaux potables.;nan;0;0;0;0;11/07/2026
Eau;Permis de décharge des eaux usées;0;"Loi 05-12 du 4 août 2005 sur l eau; Art. 119";1;Si l installation décharge les eaux usées dans le réseau d assainissement public ou dans une station de traitement, il a obtenu une autorisation préalable pour le faire.;* Autorisation de décharger les eaux usées dans le réseau d assainissement public;0;0;0;0;10/07/2026
Eau;Permis de décharge des eaux usées;0;"Loi 05-12 du 4 août 2005 sur l eau; Art. 44 Décret exécutif 10-88 du 10 mars 2010 établissant les conditions de l octroi de l autorisation de rejeter les effluents non toxiques dans le domaine hydraulique public; Art. 3";2;Si l installation décharge les eaux usées non toxiques dans le domaine hydraulique public, il a obtenu une autorisation préalable à le faire.;* Autorisation de libérer des eaux usées qui ne sont pas susceptibles de générer un risque de toxicité ou une pollution;0;0;0;0;11/07/2026
Eau;Permis de décharge des eaux usées;0;"Décret exécutif 10-88 du 10 mars 2010 établissant les conditions de l octroi de l autorisation de rejeter les effluents non toxiques dans le domaine hydraulique public; Art. 4";3;Si l installation décharge les eaux usées non toxiques dans le domaine hydraulique public, il est conforme aux conditions énoncées dans l autorisation.;nan;0;0;0;0;11/07/2026
Eau;Permis de décharge des eaux usées;0;"Décret exécutif n ° 09-209 sur les exigences pour obtenir une autorisation de décharger les eaux usées sans retenue dans le réseau d assainissement public ou dans une usine de traitement; Art. 2";4;Si l installation décharge les eaux usées à non-maintien dans le systéme d égouts publics, il a obtenu une autorisation préalable pour le faire.;* Autorisation de décharger les eaux usées dans le réseau d assainissement public;0;0;0;0;11/07/2026
Eau;Exigences / restrictions de décharge des eaux usées;0;"Décret exécutif 06-141 du 19 avril 2006 définissant les valeurs limites des eaux usées industrielles; Art. 4 Loi 05-12 du 4 août 2005 sur l eau; Art. 47";5;Si l installation est un établissement classée et s il décharge les eaux usées industrielles, elle dispose d un systéme de traitement approprié pour la sortie des eaux usées industrielles.;nan;0;0;0;0;11/07/2026
Eau;Exigences / restrictions de décharge des eaux usées;0;"Décret exécutif 06-141 du 19 avril 2006 définissant les valeurs limites des eaux usées industrielles; Art. 3 Loi 05-12 du 4 août 2005 sur l eau; Art. 47";6;Si l installation est un établissement classée, et si elle décharge les eaux usées industrielles, elle est conforme aux valeurs limites indiquées à l annexe 1 au décret exécutif 06-141;* Registre des eaux usées industrielles;0;0;0;0;17/07/2026
Eau;Exigences / restrictions de décharge des eaux usées;0;"Loi 03-10 du 19 juillet 2003 sur la protection de l environnement dans la perspective du développement durable; Art. 51";7;L installation ne décharge pas les eaux usées ni aucun déchet dans l eau qui alimente l eau / aquifére souterraine, les puits, les perceuses ou d autres sources d eau potable.;nan;0;0;0;0;17/07/2026
Eau;Exigences / restrictions de décharge des eaux usées;0;"Loi 05-12 du 4 août 2005 sur l eau; Art. 118";8;Si l installation est construite dans une zone urbaine, elle est liée au systéme d assainissement public.;nan;0;0;0;0;17/07/2026
Eau;Exigences / restrictions de décharge des eaux usées;0;"Loi 05-12 du 4 août 2005 sur l eau; Art. 121";9;Si l installation est construite dans une zone non équipée d un réseau d assainissement public, il a installé une installation d évacuation des eaux usées privée.;nan;0;0;0;0;17/07/2026
Eau;Exigences / restrictions de décharge des eaux usées;0;"Loi 05-12 du 4 août 2005 sur l eau; Art. 120";10;L installation ne met pas dans l installation de traitement de matériaux solides, liquides ou gazeux qui peuvent nuire à l installation de traitement et d évacuation ou peuvent affecter la santé des travailleurs en charge de la gestion de l installation du traitement.;nan;0;0;0;0;17/07/2026
Eau;Exigences / restrictions de décharge des eaux usées;0;"Décret exécutif 06-141 du 19 avril 2006 définissant les valeurs limites des eaux usées industrielles; Art. 5";11;Les installations de traitement des eaux usées sont conçues, exploitées et maintenues de maniére à réduire au minimum les périodes où elles ne peuvent pas fonctionner à pleine capacité.;nan;0;0;0;0;17/07/2026
Eau;Exigences / restrictions de décharge des eaux usées;0;"Décret exécutif 06-141 du 19 avril 2006 définissant les valeurs limites des eaux usées industrielles; Art. 5";12;En cas de rupture ou de non-respect de la capacité maximale du traitement des eaux usées, l installation prend des mesures pour réduire ou arrêter l activité de maniére à garantir la conformité aux limites énoncées.;nan;0;0;0;0;17/07/2026
Eau;Exigences / restrictions de décharge des eaux usées;0;"Loi 05-12 du 4 août 2005 sur l eau; Art. 46";13;L installation ne décharge aucun type d eaux usées dans les puits, les forages, les bassins versants, les fontaines de consommation publique, les canaux et les lits de riviére secs (Oneeds à sec).;nan;0;0;0;0;17/07/2026
Eau;Exigences / restrictions de décharge des eaux usées;0;"Loi 05-12 du 4 août 2005 sur l eau; Art. 46";14;L installation ne met pas de substances susceptibles de provoquer une pollution des eaux souterraines dans le sol.;nan;0;0;0;0;17/07/2026
Eau;Exigences / restrictions de décharge des eaux usées;0;"Loi 05-12 du 4 août 2005 sur l eau; Art. 122";15;L installation a supprimé son installation d évacuation des eaux usées privée dés qu un réseau d assainissement public a été mis en place.;nan;0;0;0;0;17/07/2026
Eau;Exigences / restrictions de décharge des eaux usées;0;"Décret exécutif n ° 09-209 sur les exigences pour obtenir une autorisation de décharger les eaux usées sans retenue dans le réseau d assainissement public ou dans une usine de traitement; Art. 3";16;Si l installation rejette les eaux usées à la main dans le systéme d assainissement public ou l usine de traitement, il garantit que les limites de concentration pour les substances nocives énumérées dans l annexe du décret no, 09-209 de 2009 ne sont pas dépassées.;* Résultats d échantillonnage des eaux usées;0;0;0;0;17/07/2026
Eau;Exigences / restrictions de décharge des eaux usées;0;"Décret exécutif n ° 09-209 sur les exigences pour obtenir une autorisation de décharger les eaux usées sans retenue dans le réseau d assainissement public ou dans une usine de traitement; Art. 4";17;Si l installation décharge les eaux usées à la main dans le systéme d assainissement public ou l usine de traitement, il prétraite les eaux usées chaque fois que les limites de concentration pour les substances nocives sont dépassées.;nan;0;0;0;0;17/07/2026
Eau;Exigences / restrictions de décharge des eaux usées;0;"Ordonnance du 6 janvier 2013 énumérant les émissions maximales et les exigences applicables aux émissions, à l amortissement et au dépôt de matériaux non toxiques et non nocifs dans les eaux publiques; Art. 2";18;Si l installation décharge les eaux usées non toxiques dans le domaine hydraulique public, il est conforme aux limites de concentration énumérées dans l annexe de l ordre du 6 janvier 2013 répertoriant les limites de décharge maximales et les exigences applicables aux décharges et dépôts des eaux usées non toxiques dans le domaine hydraulique public,;* Enregistrements de la surveillance des décharges des eaux usées non toxiques;0;0;0;0;17/07/2026
Eau;Mesure et rapport de la décharge des eaux usées;0;"Décret exécutif 06-141 du 19 avril 2006 définissant les valeurs limites des eaux usées industrielles; Art. 6";19;Si l installation génére des eaux usées industrielles, elle conserve un registre où les dates et les résultats de l analyse par rapport aux effluents sont enregistrés.;* Registre des eaux usées industrielles;0;0;0;0;17/07/2026
Eau;Mesure et rapport de la décharge des eaux usées;0;"Décret exécutif 06-141 du 19 avril 2006 définissant les valeurs limites des eaux usées industrielles; Art. 7";20;L installation rend le résultat de son analyse des eaux usées industrielles déchargées à la disposition de l autorité d inspection sur demande.;* Records d analyse des eaux usées industrielles;0;0;0;0;17/07/2026
Eau;Mesure et rapport de la décharge des eaux usées;0;"Décret exécutif 06-141 du 19 avril 2006 définissant les valeurs limites des eaux usées industrielles; Art. 10";21;Si l installation décharge les eaux usées industrielles qui dépassent les normes, il soumet un rapport donnant une explication et une justification à cet excés.;* Rapport sur le dépassement des décharges des eaux usées industrielles.;0;0;0;0;17/07/2026
Eau;Mesure et rapport de la décharge des eaux usées;0;"Décret exécutif 06-141 du 19 avril 2006 définissant les valeurs limites des eaux usées industrielles; Art. 10";22;Si l installation décharge les eaux usées industrielles qui dépassent les normes, il soumet un rapport détaillant les mesures correctives prévues et déjà prises.;* Signaler les détails prévus et déjà pris des mesures correctives prises en réponse aux dépassements de décharge des eaux usées;0;0;0;0;17/07/2026
Eau;Mesure et rapport de la décharge des eaux usées;0;"Décret exécutif 91-05 du 19 janvier 1991 sur les prescriptions générales de protection par rapport à l hygiéne et à la sécurité dans les lieux de travail; Art. 9";23;Le systéme d évacuation des eaux usées est équipé d intercepteurs hydrauliques et est nettoyé et lavé quotidiennement.;nan;0;0;0;0;17/07/2026
Eau;Mesure et rapport de la décharge des eaux usées;0;"Décret exécutif 06-141 du 19 avril 2006 définissant les valeurs limites des eaux usées industrielles; Art. 6";24;L installation mesure ses rejets de déchets industriels.;* Registre des eaux usées industrielles;0;0;0;0;17/07/2026
Eau;Mesure et rapport de la décharge des eaux usées;0;"Décret exécutif 10-88 du 10 mars 2010 établissant les conditions de l octroi de l autorisation de rejeter les effluents non toxiques dans le domaine hydraulique public; Art. 8";25;Si l installation décharge les eaux usées non toxiques dans le domaine hydraulique public, il garde des enregistrements des limites de concentration des produits chimiques dans les décharges.;* Enregistrement de la surveillance des eaux usées non toxiques;0;0;0;0;17/07/2026
Eau;Frais de rejet et taxes sur les eaux usées;0;"Décret exécutif n ° 07-300 du 27 septembre 2007 pour déterminer les termes de la mise en œuvre de la taxe supplémentaire sur la libération des eaux usées industrielles; Art. 2 et art. 3";26;Si l installation est un établissement classée qui décharge les eaux usées industrielles qui dépassent les normes énoncées à l annexe 1 du décret exécutif 06-141, il a payé l impôt requis.;* Preuve de paiement de la taxe supplémentaire sur le congé des eaux usées industrielles;0;0;0;0;17/07/2026
Déchets;Politique des déchets;0;"Loi n ° 01-19 du 12 décembre 2001 sur la gestion, le contrôle et l élimination des déchets; Art. 6";1;L installation prend toutes les mesures nécessaires pour réduire la génération de déchets.;nan;0;0;0;0;17/07/2026
Déchets;Politique des déchets;0;"Loi n ° 01-19 du 12 décembre 2001 sur la gestion, le contrôle et l élimination des déchets; Art. 7";2;L installation garantit la récupération des déchets résultant des matériaux qu il importe ou élimine et des produits qu elle fabrique.;nan;0;0;0;0;17/07/2026
Déchets;Définition et classification des déchets;0;"Loi n ° 01-19 du 12 décembre 2001 sur la gestion, le contrôle et l élimination des déchets; Art. 17";3;Si l installation a ou génére des déchets, il ne mélange pas les déchets spéciaux et les déchets spéciaux dangereux.;nan;0;0;0;0;17/07/2026
Déchets;Permis de déchets / licence;0;"Loi n ° 01-19 du 12 décembre 2001 sur la gestion, le contrôle et l élimination des déchets; Art. 42";4;Si l établissement traite les déchets spéciaux, il détient une autorisation préalable pour les déchets spéciaux délivrés par le ministre de l Environnement.;* Contrat d assurance pour tous les risques, y compris le risque de pollution * Autorisation pour un traitement des déchets spéciaux;0;0;0;0;17/07/2026
Déchets;Permis de déchets / licence;0;"Loi n ° 01-19 du 12 décembre 2001 sur la gestion, le contrôle et l élimination des déchets; Art. 42";5;Si l installation traite les déchets des ménages, il a obtenu une autorisation valide dirigée par le gouverneur (WALI).;* Autorisation pour le traitement des déchets ménagers;0;0;0;0;17/07/2026
Déchets;Permis de déchets / licence;0;"Loi n ° 01-19 du 12 décembre 2001 sur la gestion, le contrôle et l élimination des déchets; Art. 42";6;Si l installation traite les déchets inertes, il a obtenu une autorisation préalable délivrée par le président de l Assemblée communautaire populaire pour laquelle l installation appartient géographiquement.;* Autorisation pour le traitement des déchets inertes;0;0;0;0;17/07/2026
Déchets;Permis de déchets / licence;0;"Loi n ° 01-19 du 12 décembre 2001 sur la gestion, le contrôle et l élimination des déchets; Art. 42";7;Si l installation traite les déchets, il est conforme aux exigences énoncées dans ses autorisations pour traiter les déchets.;* Autorisation pour le traitement des déchets ménagers * Autorisation pour le traitement des déchets inertes * Autorisation pour un traitement des déchets spéciaux;0;0;0;0;17/07/2026
Déchets;Permis de déchets / licence;0;"Décret exécutif n ° 19-10 du 23 janvier 2019 organisant l exportation de déchets dangereux spéciaux; Article 4; Article 5";8;Si la société exporte des déchets dangereux spéciaux, il obtient une licence du ministére de l Environnement.;* Licence pour l exportation de déchets dangereux spéciaux;0;0;0;0;17/07/2026
Déchets;Permis de déchets / licence;0;"Décision du 8 juillet 2020 spécifiant les conditions de qualification comme exportateur de déchets dangereux spéciaux; Article 2; Article 5";9;Si la société exporte des déchets dangereux spéciaux, il obtient un certificat de qualification d exportateur du département compétent du ministére de l Environnement et des énergies renouvelables.;* Exportateur du certificat de qualification des déchets dangereux spéciaux;0;0;0;0;17/07/2026
Déchets;Expédition de déchets nationaux;0;"Décret exécutif n ° 04-409 du 14 décembre 2004 sur les transports spéciaux dangereux; Art. 17";10;Si l installation transporte des déchets dangereux spéciaux, il garantit que la charge est accompagnée d un document de transport.;* Document de transport;0;0;0;0;17/07/2026
Déchets;Expédition de déchets nationaux;0;"Décret exécutif n ° 04-409 du 14 décembre 2004 sur les transports spéciaux dangereux; Art. 9";11;Si l installation transporte des déchets dangereux spéciaux, les véhicules doivent être placés de l extérieur avec des panneaux clairs spécifiques à la catégorie des déchets transportés afin de faciliter l identification des déchets transportés.;nan;0;0;0;0;18/07/2026
Déchets;Opérations d élimination des déchets;0;"Loi n ° 01-19 du 12 décembre 2001 sur la gestion, le contrôle et l élimination des déchets; Art. 8";12;Si l installation génére des déchets mais n est pas en mesure de les récupérer, il garantit l élimination respectueuse de ces déchets.;nan;0;0;0;0;18/07/2026
Déchets;Opérations d élimination des déchets;0;"Loi n ° 01-19 du 12 décembre 2001 sur la gestion, le contrôle et l élimination des déchets; Art. 11";13;Si l installation a ou génére des déchets, les opérations d élimination des déchets ne nuisent pas à la santé publique et à l environnement.;nan;0;0;0;0;18/07/2026
Déchets;Opérations d élimination des déchets;0;"Loi n ° 01-19 du 12 décembre 2001 sur la gestion, le contrôle et l élimination des déchets; Art. 19";14;Si l installation traite les déchets spéciaux dangereux, il ne le fait que dans un établissement de traitement autorisé.;* Facture d un centre de traitement autorisé;0;0;0;0;18/07/2026
Déchets;Opérations d élimination des déchets;0;"Décret exécutif 04-410 du 14 décembre 2004 sur les régles régissant le fonctionnement des installations de traitement des déchets et les conditions d acceptation des déchets dans ces installations; Art. 15";15;L opérateur de l installation de traitement des déchets vérifie l absence de radioactivité pour toute nouvelle charge de déchets spéciaux;nan;0;0;0;0;18/07/2026
Déchets;Opérations d élimination des déchets;0;"Loi n ° 01-19 du 12 décembre 2001 sur la gestion, le contrôle et l élimination des déchets; Art. 20";16;Si l installation dispose de déchets spéciaux dangereux, il ne le fait que dans les sites et installations désignés à cette fin.;nan;0;0;0;0;18/07/2026
Déchets;Opérations d élimination des déchets;0;"Loi n ° 01-19 du 12 décembre 2001 sur la gestion, le contrôle et l élimination des déchets; Art. 37";17;L installation dispose uniquement de déchets inertes ou les envoie pour éliminer les sites désignés à cette fin.;* Facture d un site d élimination désigné;0;0;0;0;18/07/2026
Déchets;Opérations d élimination des déchets;0;"Loi n ° 01-19 du 12 décembre 2001 sur la gestion, le contrôle et l élimination des déchets; Art. 39";18;L installation dispose uniquement de déchets inertes qui ne sont pas récupérables dans des sites adaptés et autorisés à les recevoir.;* Facture d un site d élimination désigné;0;0;0;0;18/07/2026
Déchets;Gaspillage d emballage;0;"Loi n ° 85-05 du 16 février 1985 sur la protection et la promotion de la santé; Art. 36";19;L installation n utilise pas de matériaux d emballage qui sont scientifiquement reconnus comme dangereux.;nan;0;0;0;0;18/07/2026
Déchets;Gaspillage d emballage;0;"Décert exécutif 02-372 du 11 novembre 2002 sur les déchets d emballage; Art. 3";20;Si l installation détient ou génére des déchets d emballage, il récupére ces déchets lui-même ou délégue la tâche à une installation autorisée ou adhére au systéme public de reprendre, de recyclage et de récupération.;nan;0;0;0;0;18/07/2026
Déchets;Déchets dangereux généraux;0;"Décret exécutif 04-410 du 14 décembre 2004 sur les régles régissant le fonctionnement des installations de traitement des déchets et les conditions d acceptation des déchets dans ces installations; Art. 12";1;Si l’installation fournit ses déchets spéciaux à un établissement de traitement, il a obtenu un certificat d’acceptation préalable (certificat d’acceptation préalable) de l’opérateur.;* Certificat d acceptation préalable des déchets spéciaux obtenus à partir de l établissement de traitement des déchets;0;0;0;0;18/07/2026
Déchets;Déchets dangereux généraux;0;"Loi n ° 01-19 du 12 décembre 2001 sur la gestion, le contrôle et l élimination des déchets; Art. 21 Décret exécutif 05-315 du 10 septembre 2005 Régles de fixation de la déclaration de déchets spéciaux; Art. 2, 3";2;Si l installation a ou génére des déchets spéciaux dangereux, il fournit l administration en charge de l environnement avec une déclaration annuelle sur la quantité, la nature et les caractéristiques des déchets.;* Déclaration sur la quantité, la nature et les caractéristiques des déchets spéciaux dangereux générés.;0;0;0;0;18/07/2026
Déchets;Déchets dangereux généraux;0;"Loi n ° 01-19 du 12 décembre 2001 sur la gestion, le contrôle et l élimination des déchets; Art. 21 Décret exécutif 05-315 du 10 septembre 2005 Régles de fixation de la déclaration de déchets spéciaux; Art. 2";3;Si l installation génére des déchets spéciaux dangereux, il fournit au ministére de l Environnement des informations concernant le traitement de ces déchets, ainsi que des moyens et des mesures adoptés pour réduire la production de déchets.;* Déclaration du traitement des déchets spéciaux dangereux générés.;0;0;0;0;18/07/2026
Déchets;Déchets dangereux généraux;0;"Loi n ° 01-19 du 12 décembre 2001 sur la gestion, le contrôle et l élimination des déchets; Art. 16";4;Si l installation a ou génére des déchets spéciaux, il garantit sa gestion à ses propres dépenses.;nan;0;0;0;0;18/07/2026
Déchets;Déchets dangereux généraux;0;"Loi n ° 01-19 du 12 décembre 2001 sur la gestion, le contrôle et l élimination des déchets; Art. 20";5;L installation n enterre pas les déchets dangereux dans les zones non destinées à recevoir ce type de déchets.;nan;0;0;0;0;18/07/2026
Déchets;Huile d occasion;0;"Décret exécutif 93-161 du 10 juillet 1993 sur les décharges de pétrole et de lubrifiants d occasion dans l environnement; Art. 3";6;L installation ne décharge pas des substances lubrifiantes ou toute d huile neuve ou utilisée dans l environnement.;nan;0;0;0;0;18/07/2026
Déchets;Huile d occasion;0;"Décret exécutif 93-162 du 10 juillet 1993 indiquant les conditions et les régles sur le retrait et le traitement de l huile d occasion; Art. 3";7;Si l installation détient les huiles d occasion, aprés avoir obtenu l approbation nécessaire, garantit que l huile utilisée est traitée soit pour réutiliser, utilisée comme source de combustion, incinérée, stockée avant son élimination, soit exportée pour le traitement.;nan;0;0;0;0;18/07/2026
Déchets;Huile d occasion;0;"Décret exécutif 93-162 du 10 juillet 1993 indiquant les conditions et les régles sur le retrait et le traitement de l huile d occasion; Art. 4";8;Si l installation gére l huile utilisée, elle est stockée dans des conteneurs à l épreuve des fuites afin qu il puisse être stocké et éliminé en toute sécurité.;nan;0;0;0;0;18/07/2026
Déchets;Huile d occasion;0;"Décret exécutif 93-162 du 10 juillet 1993 indiquant les conditions et les régles sur le retrait et le traitement de l huile d occasion; Art. 5";9;Si l installation gére le pétrole utilisé, il faut des mesures adéquates pour les gérer.;nan;0;0;0;0;18/07/2026
Déchets;Huile d occasion;0;"Décret exécutif 93-162 du 10 juillet 1993 indiquant les conditions et les régles sur le retrait et le traitement de l huile d occasion; Art. 10";10;Si l installation utilise le pétrole utilisé comme combustible, il a obtenu une autorisation du ministre de l Environnement.;* Autorisation d utiliser l huile d occasion comme carburant combustible;0;0;0;0;18/07/2026
Déchets;Huile d occasion;0;"Décret exécutif 93-162 du 10 juillet 1993 indiquant les conditions et les régles sur le retrait et le traitement de l huile d occasion; Art. 11";11;Si l installation incinte a utilisé du pétrole ou l utilise comme telle, elle a obtenu une autorisation du ministre de l Environnement.;* L autorisation d inciner à l huile utilisée ou l utilise comme telle;0;0;0;0;18/07/2026
Déchets;Huile d occasion;0;"Décret exécutif 93-162 du 10 juillet 1993 indiquant les conditions et les régles sur le retrait et le traitement de l huile d occasion; Art. 12";12;Si l installation se régénére a utilisé du pétrole, elle a obtenu une autorisation «agrément» du ministre de l Environnement.;* Autorisation de régénérer l huile utilisée;0;0;0;0;18/07/2026
Déchets;Huile d occasion;0;"Décret exécutif 93-162 du 10 juillet 1993 indiquant les conditions et les régles sur le retrait et le traitement de l huile d occasion; Art. 5";13;Si l installation contient des huiles d occasion, tout transport des huiles d occasion est effectué soit par l installation, soit par un collecteur enregistré.;* Preuve de transport de l huile d occasion;0;0;0;0;18/07/2026
Déchets;Huile d occasion;0;"Décret exécutif 93-162 du 10 juillet 1993 indiquant les conditions et les régles sur le retrait et le traitement de l huile d occasion; Art. 4";14;Si l installation contient de l huile d occasion, elle la stocke de maniére à éviter leur mélange avec des contaminants d huile ou non d huile qui peuvent avoir un impact sur leur traitement ou entraîner la génération de matériaux toxiques pendant leurs différents usages.;nan;0;0;0;0;18/07/2026
Déchets;Huile d occasion;0;"Décret exécutif n ° 04-88 du 22 mars 2004 réglementant le traitement et la régénération des huiles d occasion; Art. 20";15;Si l installation régénére le pétrole utilisé, il se soumet tous les 3 mois au ministére en charge des statistiques d hydrocarbures sur la quantité d huile utilisée manipulée.;* Records de la quantité d huile utilisée gérée;0;0;0;0;18/07/2026
Déchets;Batteries d occasion;0;"Loi n ° 01-19 du 12 décembre 2001 sur la gestion, le contrôle et l élimination des déchets; Art. 19 (1) Décret exécutif n ° 06-104 du 28 février 2008 sur la liste des déchets et des déchets spéciaux dangereux; Annexe III";16;Si l installation génére des batteries et des accumulateurs d occasion contenant du plomb, du nickel de mercure et du cadmium, il ne le dispose que dans les installations de traitement autorisées.;* Facture d un centre de traitement autorisé;0;0;0;0;18/07/2026
Déchets;Déchets médicaux / infectieux;0;"Décert exécutif 03-478 du 09 décembre 2003 sur la gestion des déchets médicaux; Art. 8";17;Si l installation génére des déchets infectieux, il les stocke dans des conteneurs rigides et résistants.;nan;0;0;0;0;18/07/2026
Déchets;Déchets médicaux / infectieux;0;"Décert exécutif 03-478 du 09 décembre 2003 sur la gestion des déchets médicaux; Art. 9";18;Les déchets infectieux sont pré-collectés (c est-à-dire stockés) dans des sacs en plastique jaune résistants, résistants, d au moins 0,1 mm d épaisseur, qui n émettent pas de chlore pendant l incinération.;nan;0;0;0;0;18/07/2026
Déchets;Déchets médicaux / infectieux;0;"Décert exécutif 03-478 du 09 décembre 2003 sur la gestion des déchets médicaux; Art. 11";19;Les déchets toxiques sont pré-collectés (c est-à-dire stockés) dans des sacs en plastique rouge à usage unique, résistants, qui n émettent pas de chlore pendant l incinération.;nan;0;0;0;0;18/07/2026
Déchets;Déchets médicaux / infectieux;0;"Décert exécutif 03-478 du 09 décembre 2003 sur la gestion des déchets médicaux; Art. 25";20;Si l installation incinte ses propres déchets infectieux, il a obtenu une autorisation préalable et est conforme aux exigences qui s y trouvent.;* Autorisation d incinérer les déchets infectieux;0;0;0;0;11/07/2026
Déchets;Déchets médicaux / infectieux;0;"Décert exécutif 03-478 du 09 décembre 2003 sur la gestion des déchets médicaux; Art. 13";21;Si l installation génére des déchets médicaux, il les trie de maniére à éviter le mélange.;nan;0;0;0;0;11/07/2026
Déchets;Déchets médicaux / infectieux;0;"Décert exécutif 03-478 du 09 décembre 2003 sur la gestion des déchets médicaux; Art. 14";22;Si l installation génére des déchets médicaux, il ne les compacte pas.;nan;0;0;0;0;11/07/2026
Déchets;Déchets médicaux / infectieux;0;"Décert exécutif 03-478 du 09 décembre 2003 sur la gestion des déchets médicaux; Art. 15";23;Si l installation génére des déchets médicaux, il place les sacs contenant des déchets médicaux dans des conteneurs rigides équipés d une couverture et les envoie dans des locaux de collecte.;nan;0;0;0;0;11/07/2026
Déchets;Déchets médicaux / infectieux;0;"Décert exécutif 03-478 du 09 décembre 2003 sur la gestion des déchets médicaux; Art. 17";24;Les conteneurs qui ont servi pour la collecte et le transport sont lavés et décontaminés aprés chaque utilisation.;nan;0;0;0;0;11/07/2026
Déchets;Déchets médicaux / infectieux;0;"Décert exécutif 03-478 du 09 décembre 2003 sur la gestion des déchets médicaux; Art. 18";25;Si l installation génére des déchets médicaux, il ne les stocke que dans des locaux de collecte qui sont correctement équipés et entretenus à cette fin.;nan;0;0;0;0;11/07/2026
Déchets;Déchets médicaux / infectieux;0;"Décert exécutif 03-478 du 09 décembre 2003 sur la gestion des déchets médicaux; Art. 21";26;Si l installation génére des déchets médicaux, il les stocke dans des locaux de stockage pendant 24 heures si l installation dispose d un incinérateur et ne dépassant pas 48 heures si l installation n a pas d incinérateur.;nan;0;0;0;0;10/07/2026
Déchets;Déchets médicaux / infectieux;0;"Décert exécutif 03-478 du 09 décembre 2003 sur la gestion des déchets médicaux; Art. 24";27;Si l installation génére des déchets infectieux médicaux, il garantit qu ils sont incinérés, qu il s agisse d un incinérateur hors site ou d un incinérateur hors site.;nan;0;0;0;0;11/07/2026
Déchets;Déchets médicaux / infectieux;0;"Décert exécutif 03-478 du 09 décembre 2003 sur la gestion des déchets médicaux; Art. 19";28;Les locaux de collecte pour le stockage des déchets médicaux dans l établissement sont ventilés, allumés, fournis avec une source d eau et connectés au systéme d égouts;nan;0;0;0;0;11/07/2026
Déchets;Déchets radioactifs;0;"Décret présidentiel 05-119 du 11 avril 2005 sur la gestion des déchets radioactifs; Art. 4";29;Si l installation génére des déchets radioactifs, il garantit la protection de l environnement, du public et des travailleurs de ces déchets.;nan;0;0;0;0;11/07/2026
Déchets;Déchets radioactifs;0;"Décret présidentiel 05-119 du 11 avril 2005 sur la gestion des déchets radioactifs; Art. 5";30;L opérateur de l installation générant des déchets radioactifs au-dessus des limites d exemption effectue toutes les opérations par rapport à la gestion des déchets radioactifs, à l exception de leur stockage final.;nan;0;0;0;0;11/07/2026
Déchets;Déchets radioactifs;0;"Décret présidentiel 05-119 du 11 avril 2005 sur la gestion des déchets radioactifs; Art. 6";31;"L opérateur de l installation ou de l installation générant des déchets radioactifs au-dessus des limites d exemption désigne un ""coordinateur"" en charge de la gestion des déchets radioactifs dans l installation et des relations avec toutes les parties et autorités traitant de la gestion des déchets radioactifs.";nan;0;0;0;0;17/07/2026
Déchets;Déchets radioactifs;0;"Décret présidentiel 05-119 du 11 avril 2005 sur la gestion des déchets radioactifs; Art. 8";32;Si l installation gére les déchets radioactifs, il a obtenu une autorisation préalable de la Commission de l énergie atomique (commissariat à l Énergie Atomique) et est conforme aux exigences qui s y trouvent.;* Autorisation de gérer les déchets radioactifs;0;0;0;0;17/07/2026
Déchets;Déchets radioactifs;0;"Décret présidentiel 05-119 du 11 avril 2005 sur la gestion des déchets radioactifs; Art. 9";33;Les déchets radioactifs sont triés selon les directives énoncées dans l annexe au décret présidentiel 05-119.;nan;0;0;0;0;17/07/2026
Déchets;Déchets radioactifs;0;"Décret présidentiel 05-119 du 11 avril 2005 sur la gestion des déchets radioactifs; Art. 11";34;Les conteneurs utilisés pour le transport de déchets radioactifs sont manipulés et étiquetés avec des signes indélébiles informant l origine des déchets radioactifs, l élément radioactif, son activité, sa date de production, ainsi que tous les risques chimiques et biologiques qui lui sont associés.;nan;0;0;0;0;17/07/2026
Déchets;Déchets radioactifs;0;"Décret présidentiel 05-119 du 11 avril 2005 sur la gestion des déchets radioactifs; Art. 12";35;Le générateur ou l opérateur d une installation qui génére des déchets radioactifs garantit qu ils sont temporairement stockés, avant le traitement ou l élimination des sites avec un niveau adéquat de protection radiologique et physique.;nan;0;0;0;0;17/07/2026
Déchets;Déchets radioactifs;0;"Décret présidentiel 05-119 du 11 avril 2005 sur la gestion des déchets radioactifs; Art. 12";36;Pendant le stockage temporaire avant le traitement ou l élimination, les déchets radioactifs sont séparés de ceux qui n ont pas été traités.;nan;0;0;0;0;17/07/2026
Déchets;Déchets radioactifs;0;"Décret présidentiel 05-119 du 11 avril 2005 sur la gestion des déchets radioactifs; Art. 13";37;L installation garantit que les sources radioactives scellées utilisées sont retournées au fournisseur à la fin de leur cycle de vie.;* Contrat entre le fournisseur de la source radioactive et l installation en l utilisant;0;0;0;0;17/07/2026
Déchets;Déchets radioactifs;0;"Décret présidentiel 05-119 du 11 avril 2005 sur la gestion des déchets radioactifs; Art. 13";38;L installation n importe pas de déchets radioactifs.;nan;0;0;0;0;17/07/2026
Déchets;Déchets radioactifs;0;"Décret présidentiel 05-119 du 11 avril 2005 sur la gestion des déchets radioactifs; Art. 14";39;Les déchets radioactifs solides et liquides sont collectés dans des conteneurs adéquats, puis traités pour éviter tous les risques de dispersion de la radioactivité sous quelque forme que ce soit.;nan;0;0;0;0;17/07/2026
Déchets;Déchets radioactifs;0;"Décret présidentiel 05-119 du 11 avril 2005 sur la gestion des déchets radioactifs; Art. 14";40;L installation ne décharge pas les déchets radioactifs solides dans les eaux de surface, le systéme d égout ou les collecteurs d eaux usées.;nan;0;0;0;0;17/07/2026
Déchets;Déchets radioactifs;0;"Décret présidentiel 05-119 du 11 avril 2005 sur la gestion des déchets radioactifs; Art. 20";41;Si l installation génére des déchets radioactifs, il réalise un programme de surveillance de qualité approuvé pour garantir la conformité aux exigences de sécurité.;* Programme de surveillance de la qualité approuvé de la conformité aux exigences de sécurité relatives aux déchets radioactifs;0;0;0;0;17/07/2026
Déchets;Déchets radioactifs;0;"Décret présidentiel 05-119 du 11 avril 2005 sur la gestion des déchets radioactifs; Art. 19";42;Si l installation génére des déchets radioactifs, il prépare et conserve un registre (Registre d Inventaire) sur les déchets radioactifs.;* Registre de l inventaire des déchets radioactifs;0;0;0;0;17/07/2026
Déchets;Déchets radioactifs;0;"Décret présidentiel 05-119 du 11 avril 2005 sur la gestion des déchets radioactifs; Art. 20";43;Si l installation génére des déchets radioactifs, il prépare un rapport annuel adressé à la Commission de l énergie atomique (commissariat à l énergie atomique) concernant l état de déchets radioactifs gérés.;* Rapport annuel sur la gestion des déchets radioactifs;0;0;0;0;17/07/2026
Déchets;Déchets radioactifs;0;"Décret présidentiel 05-119 du 11 avril 2005 sur la gestion des déchets radioactifs; Art. 21";44;L installation maintient toutes les données relatives aux déchets radioactifs qu il a générés dans les archives.;nan;0;0;0;0;17/07/2026
Déchets;Déchets radioactifs;0;"Décret présidentiel 05-119 du 11 avril 2005 sur la gestion des déchets radioactifs; Art. 22";45;L installation a établi un plan décrivant des actions et des réponses d urgence concernant les dangers liés aux déchets radioactifs.;* Plans pour les réponses d urgence aux risques de déchets radioactifs;0;0;0;0;17/07/2026
Déchets;Expédition de déchets internationaux;0;"Décret exécutif n ° 19-10 du 23 janvier 2019 organisant l exportation de déchets dangereux spéciaux; Article 10; Annexe 4";1;Si la Société exporte des déchets dangereux spéciaux, il emballe, étiquette et transporte les déchets conformément aux directives fournies à l annexe IV du décret exécutif n ° 19-10 du 23 janvier 2019 organisant l exportation de déchets dangereux spéciaux.;nan;0;0;0;0;17/07/2026
Déchets;Restrictions internationales d expédition des déchets;0;"Loi n ° 01-19 du 12 décembre 2001 sur la gestion, le contrôle et l élimination des déchets; Art. 25";2;L installation n importe pas de déchets spéciaux dangereux.;nan;0;0;0;0;17/07/2026
Déchets;Restrictions internationales d expédition des déchets;0;"Loi n ° 01-19 du 12 décembre 2001 sur la gestion, le contrôle et l élimination des déchets; Art. 26";3;L installation exporte des déchets spéciaux dangereux uniquement aux pays avec lesquels il existe des accords nationaux sur la question.;* Records d exportation des déchets spéciaux dangereux;0;0;0;0;17/07/2026
Déchets;Restrictions internationales d expédition des déchets;0;"Loi n ° 01-19 du 12 décembre 2001 sur la gestion, le contrôle et l élimination des déchets; Art. 26";4;L installation a une autorisation du ministére de l Environnement avant toute opération d exportation ou de transit impliquant des déchets spéciaux dangereux.;* Autorisation pour l exportation ou le transit des déchets spéciaux dangereux;0;0;0;0;17/07/2026
Déchets;Restrictions internationales d expédition des déchets;0;"Loi n ° 01-19 du 12 décembre 2001 sur la gestion, le contrôle et l élimination des déchets; Art. 26";5;Les conteneurs de déchets sont scellés avant toute opération d exportation ou de transit impliquant des déchets spéciaux dangereux.;nan;0;0;0;0;17/07/2026
Déchets;Collecteurs de déchets et transporteurs de déchets;0;"Décret exécutif n ° 09-19 du 20 janvier 2009 sur les activités de collecte des déchets spéciaux; Art. 2";1;Si l installation recueille des déchets spéciaux, il détient une autorisation valide du ministre de l Environnement.;* Autorisation de collecter des déchets spéciaux;0;0;0;0;17/07/2026
Déchets;Collecteurs de déchets et transporteurs de déchets;0;"Décret exécutif n ° 09-19 du 20 janvier 2009 sur les activités de collecte des déchets spéciaux; Art. 7";2;Le percepteur spécial des déchets a contracté une assurance couvrant sa responsabilité pour tous les effets néfastes qu il pourrait provoquer au public.;* Contrat d assurance couvrant l activité de collecte des déchets spéciaux;0;0;0;0;17/07/2026
Déchets;Collecteurs de déchets et transporteurs de déchets;0;"Décret exécutif n ° 09-19 du 20 janvier 2009 sur les activités de collecte des déchets spéciaux; Art. 8 et art. 9";3;Le collecteur de déchets spéciaux conserve un registre signé et numéroté sur les déchets spéciaux collectés.;* Inscrivez-vous sur des déchets spéciaux collectés;0;0;0;0;17/07/2026
Déchets;Collecteurs de déchets et transporteurs de déchets;0;"Décret exécutif n ° 09-19 du 20 janvier 2009 sur les activités de collecte des déchets spéciaux; Art. 10";4;Le collecteur de déchets spéciaux soumet chaque année une déclaration sur son activité aux autorités environnementales locales.;* Déclaration annuelle sur les activités de collecte de déchets spéciaux;0;0;0;0;17/07/2026
Déchets;Sites de traitement des déchets;0;"Loi n ° 01-19 du 12 décembre 2001 sur la gestion, le contrôle et l élimination des déchets; Art. 15";5;Si l installation traite les déchets spéciaux, il le fait, uniquement dans les installations autorisées par le ministére de l Environnement;* Autorisation pour un traitement des déchets spéciaux dangereux;0;0;0;0;17/07/2026
Déchets;Sites de traitement des déchets;0;"Décert exécutif 02-372 du 11 novembre 2002 sur les déchets d emballage; Art. 7";6;Si l établissement est un établissement de traitement des déchets d emballage, il a une autorisation préalable délivrée par le ministére de l environnement.;* Autorisation pour le traitement des déchets d emballage;0;0;0;0;17/07/2026
Déchets;Sites de traitement des déchets;0;"Loi n ° 01-19 du 12 décembre 2001 sur la gestion, le contrôle et l élimination des déchets; Art. 47";7;L opérateur d une installation de traitement des déchets fournit l autorité d inspection et de surveillance de toutes les informations demandées.;nan;0;0;0;0;17/07/2026
Déchets;Sites de traitement des déchets;0;"Décret exécutif 04-410 du 14 décembre 2004 sur les régles régissant le fonctionnement des installations de traitement des déchets et les conditions d acceptation des déchets dans ces installations; Art. 5";8;L installation de traitement des déchets met un panneau à l entrée principale du site indiquant des informations concernant l installation et les déchets.;nan;0;0;0;0;17/07/2026
Déchets;Sites de traitement des déchets;0;"Décret exécutif 04-410 du 14 décembre 2004 sur les régles régissant le fonctionnement des installations de traitement des déchets et les conditions d acceptation des déchets dans ces installations; Art. 15";9;L opérateur d une installation de traitement des déchets inspecte visuellement toute nouvelle charge de déchets spéciaux à l entrée et au point de stockage.;* Records des inspections visuelles de nouveaux charges de déchets spéciaux;0;0;0;0;17/07/2026
Déchets;Sites de traitement des déchets;0;"Décret exécutif 04-410 du 14 décembre 2004 sur les régles régissant le fonctionnement des installations de traitement des déchets et les conditions d acceptation des déchets dans ces installations; Art. 6";10;Les sorties de l installation de traitement des déchets sont équipées d une clôture robuste et gardées pendant les heures de fonctionnement.;nan;0;0;0;0;17/07/2026
Déchets;Sites de traitement des déchets;0;"Décret exécutif 04-410 du 14 décembre 2004 sur les régles régissant le fonctionnement des installations de traitement des déchets et les conditions d acceptation des déchets dans ces installations; Art. 6";11;Les sorties de l installation de traitement des déchets sont fermées et gardées aprés les heures de fonctionnement.;nan;0;0;0;0;17/07/2026
Déchets;Sites de traitement des déchets;0;"Décret exécutif 04-410 du 14 décembre 2004 sur les régles régissant le fonctionnement des installations de traitement des déchets et les conditions d acceptation des déchets dans ces installations; Art. 7";12;L opérateur de l installation de traitement des déchets met en place un poste de chéque lors des chéques d entrée pour vérifier tous les déchets entrants.;nan;0;0;0;0;18/07/2026
Déchets;Sites de traitement des déchets;0;"Décret exécutif 04-410 du 14 décembre 2004 sur les régles régissant le fonctionnement des installations de traitement des déchets et les conditions d acceptation des déchets dans ces installations; Art. 7";13;L opérateur de l installation de traitement des déchets garantit que les charges entrantes sont pesées lors de l entrée dans l installation.;* Enregistrements de pondération des charges entrantes de déchets;0;0;0;0;18/07/2026
Déchets;Sites de traitement des déchets;0;"Décret exécutif 04-410 du 14 décembre 2004 sur les régles régissant le fonctionnement des installations de traitement des déchets et les conditions d acceptation des déchets dans ces installations; Art. 18";14;"L’opérateur de l’installation de traitement des déchets conserve tous les certificats d’acceptation antérieurs ""certificat d’acceptation préalable"" de déchets spéciaux pendant au moins une période de 5 ans.";* Certificat d acceptation préalable des déchets spéciaux obtenus à partir de l établissement de traitement des déchets;0;0;0;0;18/07/2026
Déchets;Sites de traitement des déchets;0;"Décret exécutif 04-410 du 14 décembre 2004 sur les régles régissant le fonctionnement des installations de traitement des déchets et les conditions d acceptation des déchets dans ces installations; Art. 7";15;L opérateur de l installation de traitement des déchets met en place à l entrée un appareil pour détecter la radioactivité des déchets spéciaux admis pour entrer dans l installation.;nan;0;0;0;0;18/07/2026
Déchets;Sites de traitement des déchets;0;"Décret exécutif 04-410 du 14 décembre 2004 sur les régles régissant le fonctionnement des installations de traitement des déchets et les conditions d acceptation des déchets dans ces installations; Art. 16";16;L opérateur de l établissement de traitement des déchets soumet un rapport annuel d activités concernant les opérations de l installation au cours de l année précédente à l autorité de supervision et d inspection.;* Rapport d activité annuel d un centre de traitement des déchets;0;0;0;0;18/07/2026
Déchets;Sites de traitement des déchets;0;"Décret exécutif 04-410 du 14 décembre 2004 sur les régles régissant le fonctionnement des installations de traitement des déchets et les conditions d acceptation des déchets dans ces installations; Art. 15";17;L opérateur de l installation de traitement des déchets pése toutes les nouvelles charges de déchets spéciaux dangereux.;* Enregistrements de pondération des charges entrantes de déchets;0;0;0;0;18/07/2026
Déchets;Sites de traitement des déchets;0;"Décret exécutif 04-410 du 14 décembre 2004 sur les régles régissant le fonctionnement des installations de traitement des déchets et les conditions d acceptation des déchets dans ces installations; Art. 6";18;L installation de traitement des déchets est équipée d un filet de fil résistant qui l entoure.;nan;0;0;0;0;18/07/2026
Déchets;Sites de traitement des déchets;0;"Décret exécutif 04-410 du 14 décembre 2004 sur les régles régissant le fonctionnement des installations de traitement des déchets et les conditions d acceptation des déchets dans ces installations; Art. 15";19;L’opérateur de l’installation de traitement des déchets vérifie l’existence d’un certificat d’acceptation préalable valide (certificat d’acceptation préalable) pour toute nouvelle charge de déchets spéciaux.;* Certificat d acceptation préalable des déchets spéciaux obtenus à partir de l établissement de traitement des déchets;0;0;0;0;18/07/2026
Déchets;Sites de traitement des déchets;0;"Décret exécutif 04-410 du 14 décembre 2004 sur les régles régissant le fonctionnement des installations de traitement des déchets et les conditions d acceptation des déchets dans ces installations; Art. 15";20;L opérateur de l installation de traitement des déchets vérifie l existence de documents de mouvement pour toute nouvelle charge de déchets spéciaux.;* Documents de mouvement pour de nouvelles charges de déchets spéciaux;0;0;0;0;18/07/2026
Déchets;Sites de traitement des déchets;0;"Décert exécutif 02-372 du 11 novembre 2002 sur les déchets d emballage; Art. 11";21;Si l installation est un établissement de traitement des déchets d emballage, il communique un rapport d activité sur une base annuelle à l autorité compétente.;* Rapport d activité annuel sur le traitement des déchets d emballage;0;0;0;0;18/07/2026
Déchets;Sites de traitement des déchets;0;"Décret exécutif 04-410 du 14 décembre 2004 sur les régles régissant le fonctionnement des installations de traitement des déchets et les conditions d acceptation des déchets dans ces installations; Art. 14";22;L opérateur de l établissement de traitement des déchets conserve un registre d admission (registre d admission) contenant des informations concernant les déchets spéciaux acceptés.;* Registre d admission aux déchets spéciaux (pour une installation de traitement des déchets);0;0;0;0;18/07/2026
Déchets;Sites de traitement des déchets;0;"Décert exécutif 02-372 du 11 novembre 2002 sur les déchets d emballage; Art. 8";23;Si l installation est une installation de traitement des déchets d emballage, elle reprend, recueille et redirige les déchets d emballage pour le recyclage, la réutilisation ou l élimination conformément aux régles indiquées dans le livre de régles (charges de Cahier Des).;nan;0;0;0;0;18/07/2026
Déchets;Sites de traitement des déchets;0;"Décert exécutif 02-372 du 11 novembre 2002 sur les déchets d emballage; Art. 4";24;Si l installation effectue la récupération de ses déchets d emballage, il a obtenu une autorisation préalable de l autorité compétente.;* Autorisation pour la récupération des déchets d emballage;0;0;0;0;18/07/2026
Déchets;Sites de traitement des déchets;0;"Décret exécutif 04-410 du 14 décembre 2004 sur les régles régissant le fonctionnement des installations de traitement des déchets et les conditions d acceptation des déchets dans ces installations; Art. 19";25;En cas de fermeture, l exploitant d un site de traitement des déchets a informé l autorité compétente six mois avant la date de fermeture, et a soumis un dossier contenant des informations relatives au site.;* Notification de fermeture d un établissement classée * Fichier contenant des informations sur le site de traitement des déchets;0;0;0;0;18/07/2026
Déchets;Sites de traitement des déchets;0;"Loi n ° 01-19 du 12 décembre 2001 sur la gestion, le contrôle et l élimination des déchets; Art. 43";26;En cas de fermeture du site de traitement des déchets, l installation a corrigé le site.;* Rapport d assainissement;0;0;0;0;18/07/2026
Déchets;Sites de traitement des déchets;0;"Loi n ° 01-19 du 12 décembre 2001 sur la gestion, le contrôle et l élimination des déchets; Art. 43";27;En cas de fermeture du site de traitement des déchets, l installation conserve le site pour la période indiquée dans la notification de la fermeture du site.;* Notification de fermeture d un établissement classée;0;0;0;0;18/07/2026
Produits Sensibles;Emballage chimique;0;"Décret exécutif 05-08 du 08 janvier 2005 sur des prescriptions particuliéres applicables aux substances, matériaux et produits dangereux en milieu de travail; Art. 5";1;L installation garantit que toutes les substances, matériaux et préparations dangereux sont conservés dans des emballages solides, résistants aux fuites et appropriés.;nan;0;0;0;0;18/07/2026
Produits Sensibles;Emballage chimique;0;"Ordonnance ministérielle du 2 novembre 2000 sur le transport routier de solides inflammables, matériaux combustibles spontanément, substances qui en contact avec l eau, émettent des gaz inflammables; Chapitre 2; Section 1";2;Si la société transporte les matériaux dangereux de la classe 4, il correspond à ces matériaux conformément aux dispositions d emballage énoncées dans le chapitre 2, la section 1 de l Ordre ministériel du 2 novembre 2000 sur le transport routier de solides inflammables, des matériaux combustibles spontanément, des substances qui en contact avec l eau, émettent des gaz inflammables,;nan;0;0;0;0;18/07/2026
Produits Sensibles;Étiquetage chimique;0;"Décret exécutif 05-08 du 08 janvier 2005 sur des prescriptions particuliéres applicables aux substances, matériaux et produits dangereux en milieu de travail; Art. 6";3;Les matiéres dangereuses, produits ou substances de l installation sont étiquetées et correctement marquées de maniére à permettre leur identification.;nan;0;0;0;0;18/07/2026
Produits Sensibles;Utilisation et commercialisation des restrictions / interdictions;0;"Décret exécutif 97-254 du 8 juillet 1997 concernant l autorisation antérieure à obtenir pour la fabrication et l importation de produits toxiques; Art. 4";1;L installation n importe, ne fabrique pas ou ne distribue pas des produits de consommation qui contiennent des substances interdites.;nan;0;0;0;0;18/07/2026
Produits Sensibles;Utilisation et commercialisation des restrictions / interdictions;0;"Décret exécutif 97-254 du 8 juillet 1997 concernant l autorisation antérieure à obtenir pour la fabrication et l importation de produits toxiques; Art. 1";2;Si l installation importe, fabrique ou distribue des produits de consommation avec des attributs toxiques ou qui sont susceptibles de générer un risque spécifique, il a obtenu une autorisation valide préalable du ministre du commerce.;* Autorisation pour l importation, la fabrication ou la distribution de produits de consommation avec des attributs toxiques ou qui sont susceptibles de générer un risque spécifique;0;0;0;0;18/07/2026
Produits Sensibles;Utilisation et commercialisation des restrictions / interdictions;0;"Ordonnance interministérielle du 19 juin 2014 établissant les conditions et procédures pour l acquisition de produits chimiques et de matériaux dangereux du marché local par des personnes naturelles ou légales dont les activités professionnelles ou personnelles nécessitent l utilisation occasionnelle de ces matériaux et produits chimiques; Art. 9";3;Si la société est accréditée par le ministre de l Énergie pour la fourniture de produits chimiques et de matériaux dangereux ainsi que des conteneurs de gaz sous pression sur le marché local en Algérie, il soumet des copies des autorisations des acheteurs de ces matériaux à la Direction de l énergie locale.;* Copies des autorisations des acheteurs de produits chimiques et de matériaux dangereux;0;0;0;0;18/07/2026
Produits Sensibles;Utilisation et commercialisation des restrictions / interdictions;0;"Ordonnance interministérielle du 28 décembre 1997 établissant la liste des produits de consommation susceptibles de créer un risque de toxicité et les listes de substances qui utilisent sont interdites pour la fabrication de ces produits; Art. 3 et art. 6";4;Si l installation fabrique ou importe des produits de consommation présentant un risque de toxicité ou un risque spécifique, il a soumis la totalité des formules de ces produits au centre anti-poisson de la bonne maniére.;* Preuve de la soumission de produits de consommation avec des attributs toxiques ou qui sont susceptibles de générer un risque spécifique * Déclaration de la formule des produits à risque de toxicité pour le centre antipoison;0;0;0;0;18/07/2026
Produits Sensibles;Utilisation et commercialisation des restrictions / interdictions;0;"Ordonnance interministérielle du 19 juin 2014 établissant les conditions et procédures pour l acquisition de produits chimiques et de matériaux dangereux du marché local par des personnes naturelles ou légales dont les activités professionnelles ou personnelles nécessitent l utilisation occasionnelle de ces matériaux et produits chimiques; Art. 12 Ordonnance interministérielle du 25 novembre 2015 établissant la liste et la classification des matiéres dangereuses et des produits chimiques; Art. 2";5;Si la société a acquis des produits chimiques et des matériaux dangereux ou des conteneurs de gaz sous pression sur la base d une autorisation du Walli de la juridiction, il informe immédiatement le Walli lorsqu il arrête ses activités.;* Copie de la notification envoyée au WALI de la juridiction sur l arrêt des activités de l entreprise contenant des produits chimiques et des matériaux dangereux;0;0;0;0;18/07/2026
Produits Sensibles;Utilisation et commercialisation des restrictions / interdictions;0;"Ordonnance interministérielle du 28 décembre 1997 établissant la liste des produits de consommation susceptibles de créer un risque de toxicité et les listes de substances qui utilisent sont interdites pour la fabrication de ces produits; Art. 9";6;L installation n importe pas, ne fabrique pas ou ne distribue pas des produits de consommation qui contiennent des substances réglementées en quantités qui dépassent les seuils pertinents.;nan;0;0;0;0;18/07/2026
Produits Sensibles;Utilisation et commercialisation des restrictions / interdictions;0;"Décret exécutif 03-451 du 01 décembre 2003 sur les régles de sécurité qui s appliquent aux activités liées aux matiéres dangereuses et aux produits chimiques ainsi qu aux navires sous pression; Art. 9 Ordonnance interministérielle du 25 novembre 2015 établissant la liste et la classification des matiéres dangereuses et des produits chimiques; Art. 2";7;Si l installation acquiert des matiéres dangereuses et / ou des substances chimiques du marché local, elle se négocie uniquement avec des opérateurs qui ont obtenu une accréditation valide du ministére de l Énergie et des Mines.;nan;0;0;0;0;18/07/2026
Produits Sensibles;Utilisation et commercialisation des restrictions / interdictions;0;"Décret exécutif 03-451 du 01 décembre 2003 sur les régles de sécurité qui s appliquent aux activités liées aux matiéres dangereuses et aux produits chimiques ainsi qu aux navires sous pression; Art. 12 Ordonnance interministérielle du 1er août 2004 par rapport aux conditions et aux modes d achat sur les produits et matériaux chimiques dangereux sur les marchés externes; Art. 2 Ordonnance interministérielle du 25 novembre 2015 établissant la liste et la classification des matiéres dangereuses et des produits chimiques; Art. 2";8;Si l installation acquiert des matiéres dangereuses et / ou des substances chimiques d un marché étranger, il a obtenu un visa valide pour ce faire.;* Visa pour l acquisition de substances chimiques dangereuses sur le marché étranger;0;0;0;0;18/07/2026
Produits Sensibles;Utilisation et commercialisation des restrictions / interdictions;0;"Décret exécutif 03-451 du 01 décembre 2003 sur les régles de sécurité qui s appliquent aux activités liées aux matiéres dangereuses et aux produits chimiques ainsi qu aux navires sous pression; Art. 21 Ordonnance interministérielle du 25 novembre 2015 établissant la liste et la classification des matiéres dangereuses et des produits chimiques; Art. 2";9;En cas de vol ou de disparition de substances chimiques dangereuses et / ou de navires de pression de gaz, l installation a informé les services de sécurité compétentes et le service d énergie et d exploitation miniére du gouvernorat (Wilayah) sans retard.;* Notification du vol ou des substances dangereuses de la disparition;0;0;0;0;18/07/2026
Produits Sensibles;Utilisation et commercialisation des restrictions / interdictions;0;"Ordonnance interministérielle du 28 décembre 1997 établissant la liste des produits de consommation susceptibles de créer un risque de toxicité et les listes de substances qui utilisent sont interdites pour la fabrication de ces produits; Art. 5";10;Si l installation a changé la formule des produits de consommation avec un risque de toxicité ou un risque spécifique qu il importe ou fabrique, il a fait une nouvelle déclaration au centre anti-poisson.;* Déclaration de la formule des produits à risque de toxicité pour le centre antipoison;0;0;0;0;18/07/2026
Produits Sensibles;Utilisation et commercialisation des restrictions / interdictions;0;"Ordonnance interministérielle du 8 juillet 2014 établissant les conditions et procédures d accréditation des entreprises et des activités de conduite du personnel qui nécessitent l utilisation de produits chimiques et de matériaux dangereux ainsi que des conteneurs de gaz sous pression; Art. 12";11;Si l installation produit, utilise, vend ou stocke des produits chimiques et / ou des matériaux dangereux ainsi que des conteneurs sous pression, il reléve mensuel à la Direction de l énergie locale sur les matiéres dangereuses qu ils ont utilisées / gérées pendant ce mois.;* Des copies des rapports mensuels à la Direction de l énergie locale sur les matiéres dangereuses vendues, produites, utilisées ou stockées;0;0;0;0;11/07/2026
Produits Sensibles;Restrictions d importation chimique / exportation;0;"Décision du 24 mars 2005 sur l intégration des produits chimiques des tableaux 2 et 3 de la Convention sur l interdiction de la conception, la production, le stockage et l utilisation d armes chimiques à la liste des produits chimiques dangereux dont l importation a besoin d une autorisation préalable; Art. 2";12;Si l installation importe des substances chimiques répertoriées dans les tableaux 2 et 3 de l annexe à la décision du 24 mars 2005, il fait une déclaration au comité interministéral chargé de la mise en œuvre de l interdiction de la convention de conception, de production, de stockage et d utilisation des armes chimiques et de leur destruction.;* Déclaration de l importation de substances chimiques énumérées dans les tableaux 2 et 3 de l annexe à la décision 24 mars 2005;0;0;0;0;11/07/2026
Produits Sensibles;Restrictions d armes chimiques;0;"Décret exécutif n ° 09-157 du 2 mai 2009 sur l exploitation des installations de fabrication de produits chimiques des annexes 1 et 2 de la Convention sur l interdiction du développement, de la production, du stockage et de l utilisation d armes chimiques et de leur destruction; Art. 2 et art. 6 et art. 7";13;Si l installation fabrique des substances chimiques des annexes 1 et 2 de l annexe sur les substances chimiques à la Convention sur l interdiction du développement, de la production, du stockage et de l utilisation d armes chimiques et sur leur destruction, elle est une autorisation valide pour le faire.;* Autorisation de fabriquer des substances chimiques de la Convention sur les armes chimiques;0;0;0;0;11/07/2026
Produits Sensibles;Restrictions d armes chimiques;0;"Décret exécutif n ° 09-157 du 2 mai 2009 sur l exploitation des installations de fabrication de produits chimiques des annexes 1 et 2 de la Convention sur l interdiction du développement, de la production, du stockage et de l utilisation d armes chimiques et de leur destruction; Art. 8 et art. 10";14;Si l installation a l intention de fabriquer des substances chimiques des annexes 1 et 2 de l annexe sur les substances chimiques à la Convention sur les armes chimiques, elle a obtenu une approbation technique du ministére en charge de l industrie, pour ses installations avant les opérations.;* Approbation technique des installations consacrées à la fabrication de substances chimiques de l annexe à la convention d armes chimiques;0;0;0;0;11/07/2026
Produits Sensibles;Restrictions d armes chimiques;0;"Décret exécutif n ° 09-158 du 2 mai 2009 sur les procédures et méthodes d autorisation du transfert des produits chimiques des tableaux 1 et 3 de l annexe à la Convention sur l interdiction du développement, de la production, du stockage et de l utilisation d armes chimiques et de leur destruction; Art. 3";15;Si l installation a l intention d exporter / d importer des substances chimiques de l annexe 1 de l annexe sur les substances chimiques à la Convention sur les armes chimiques, elle est une autorisation valable de le faire.;* Autorisation d exporter / importer des substances chimiques de l annexe 1 de l annexe sur les substances chimiques à la Convention sur les armes chimiques;0;0;0;0;11/07/2026
Produits Sensibles;Restrictions d armes chimiques;0;"Décret exécutif n ° 09-158 du 2 mai 2009 sur les procédures et méthodes d autorisation du transfert des produits chimiques des tableaux 1 et 3 de l annexe à la Convention sur l interdiction du développement, de la production, du stockage et de l utilisation d armes chimiques et de leur destruction; Art. 3";16;L installation n exporte pas / n importe pas de substances chimiques de l annexe 1 de l annexe sur les substances chimiques à la Convention ou des mélanges d armes chimiques contenant ces substances aux pays non parties à la convention.;nan;0;0;0;0;11/07/2026
Produits Sensibles;Restrictions d armes chimiques;0;"Décret exécutif n ° 09-158 du 2 mai 2009 sur les procédures et méthodes d autorisation du transfert des produits chimiques des tableaux 1 et 3 de l annexe à la Convention sur l interdiction du développement, de la production, du stockage et de l utilisation d armes chimiques et de leur destruction; Art. 5 et art. 6";17;L installation détient une autorisation valide si elle a l intention d exporter / d importer des substances chimiques de l annexe 3 de l annexe à la Convention sur les armes chimiques aux pays non parties.;* Autorisation d exporter / importer des substances chimiques de l annexe 3 de l annexe sur les substances chimiques à la Convention sur les armes chimiques;0;0;0;0;10/07/2026
Produits Sensibles;Restrictions d armes chimiques;0;"Décret exécutif n ° 09-160 du 2 mai 2009 sur la déclaration des activités liées à la mise en œuvre de la Convention sur l interdiction du développement, de la production, du stockage et de l utilisation d armes chimiques et de leur destruction; Art. 2 et art. 4";18;Si les installations stocke, importe, exportent ou transférent les produits chimiques des annexes 1, 2 ou 3 de l annexe à la convention sur les produits chimiques d armes, il déclare ses activités au comité interministériel en charge de la convention.;* Déclaration des activités relatives aux produits chimiques de l annexe 1, 2 ou 3 de l annexe à la convention chimique de l arme;0;0;0;0;11/07/2026
Produits Sensibles;Restrictions d armes chimiques;0;"Décret exécutif n ° 09-160 du 2 mai 2009 sur la déclaration des activités liées à la mise en œuvre de la Convention sur l interdiction du développement, de la production, du stockage et de l utilisation d armes chimiques et de leur destruction; Art. 2 et art. 4";19;Si l installation fabrique ou utilise des produits chimiques dans les installations ayant fabriqué, traité ou consommé des produits chimiques des annexes 1 et 2 de la Convention sur les armes chimiques, elle déclare ses activités au comité interministériel en charge de la convention.;* Déclaration des activités relatives aux produits chimiques de l annexe 1, 2 ou 3 de l annexe à la convention chimique de l arme;0;0;0;0;11/07/2026
Produits Sensibles;Restrictions d armes chimiques;0;"Décret exécutif n ° 09-160 du 2 mai 2009 sur la déclaration des activités liées à la mise en œuvre de la Convention sur l interdiction du développement, de la production, du stockage et de l utilisation d armes chimiques et de leur destruction; Art. 2 et art. 4";20;Si l installation fabrique ou utilise des produits chimiques dans des installations ayant fabriqué plus de 30 tonnes de produits chimiques de l annexe 3 de la convention d armes chimiques, il déclare ses activités au comité interministéral en charge de la convention.;* Déclaration des activités relatives aux produits chimiques de l annexe 1, 2 ou 3 de l annexe à la convention chimique de l arme;0;0;0;0;11/07/2026
Produits Sensibles;Restrictions d armes chimiques;0;"Décret exécutif n ° 09-160 du 2 mai 2009 sur la déclaration des activités liées à la mise en œuvre de la Convention sur l interdiction du développement, de la production, du stockage et de l utilisation d armes chimiques et de leur destruction; Art. 3 et art. 4";21;Si l installation fabrique ou utilise des produits chimiques dans des installations ayant des produits chimiques fabriqués ou utilisés qui sont un mélange de produits des annexement 1 et 2 (partie A) de la convention d armes chimiques, il déclare ses activités au comité interministériel en charge de la convention.;* Déclaration des activités relatives aux produits chimiques de l annexe 1, 2 ou 3 de l annexe à la convention chimique de l arme;0;0;0;0;11/07/2026
Produits Sensibles;Restrictions d armes chimiques;0;"Décret exécutif n ° 09-160 du 2 mai 2009 sur la déclaration des activités liées à la mise en œuvre de la Convention sur l interdiction du développement, de la production, du stockage et de l utilisation d armes chimiques et de leur destruction; Art. 3 et art. 4";22;Si l installation fabrique ou utilise des produits chimiques dans des installations ayant des produits chimiques fabriqués ou utilisés qui sont un mélange contenant 30% ou plus des produits de l annexe 2 (partie B) ou des produits de l annexe 3 de la Convention sur les armes chimiques, il déclare ses activités au comité interministériel en charge de la convention.;* Déclaration des activités relatives aux produits chimiques de l annexe 1, 2 ou 3 de l annexe à la convention chimique de l arme;0;0;0;0;17/07/2026
Produits Sensibles;Précurseurs de drogue;0;"Loi n ° 04-18 du 25 décembre 2004 sur la prévention et la suppression de l utilisation et du trafic illicites de drogues narcotiques et de substances psychotropes; Art. 4; Art. 5; Art. 1 Décret exécutif n ° 07-228 du 30 juillet 2007 établissant les régles pour accorder l autorisation d utiliser des stupéfiants et des substances psychotropes à des fins médicales et scientifiques; Art. 2; Art. 3; Art. 5";23;Si la société produit, fabrique, posséde, vend, achéte, stocke, distribue, transporte, importe ou exporte des drogues narcotiques et des substances psychotropes, elle a obtenu une autorisation du ministre ou de la santé.;* Autorisation de produire, de fabriquer, de posséder, de vendre, d acheter, de stocker, de distribuer, de transporter, d importer ou d exporter des drogues stupéfiantes et des substances psychotropes;0;0;0;0;17/07/2026
Produits Sensibles;Précurseurs de drogue;0;"Loi n ° 04-18 du 25 décembre 2004 sur la prévention et la suppression de l utilisation et du trafic illicites de drogues narcotiques et de substances psychotropes; Art. 1 Décret exécutif n ° 07-228 du 30 juillet 2007 établissant les régles pour accorder l autorisation d utiliser des stupéfiants et des substances psychotropes à des fins médicales et scientifiques; Art. 5; Art. 11";24;Si la société a une autorisation de produire, de fabriquer, de posséder, de vendre, d acheter, de stocker, de distribuer, de transporter, d importer ou d exporter des médicaments narcotiques et des substances psychotropes, il conserve le document d autorisation pendant 5 ans à partir de la date à laquelle il l a reçu.;* Autorisation de produire, de fabriquer, de posséder, de vendre, d acheter, de stocker, de distribuer, de transporter, d importer ou d exporter des drogues stupéfiantes et des substances psychotropes;0;0;0;0;17/07/2026
Produits Sensibles;Précurseurs de drogue;0;"Décret exécutif n ° 07-228 du 30 juillet 2007 établissant les régles pour accorder l autorisation d utiliser des stupéfiants et des substances psychotropes à des fins médicales et scientifiques; Art. 11";25;Si la société a une autorisation de produire, de fabriquer, de posséder, de vendre, d acheter, de stocker, de distribuer, de transporter, d importer ou d exporter des drogues de stupéfiants et des substances psychotropes, il conserve la preuve des documents utilisés pour sa demande d autorisation pendant 5 ans à partir de la date à laquelle il a remis ces documents au ministére de la Santé.;* Copies des documents joints à la demande d autorisation de produire, de fabriquer, de posséder, de vendre, d acheter, de stocker, de distribuer, de transporter, d importer ou d exporter des médicaments narcotiques et des substances psychotropes;0;0;0;0;17/07/2026
Produits Sensibles;Précurseurs de drogue;0;"Décret exécutif n ° 07-228 du 30 juillet 2007 établissant les régles pour accorder l autorisation d utiliser des stupéfiants et des substances psychotropes à des fins médicales et scientifiques; Art. 9";26;Si la société a une autorisation de produire, de fabriquer, de posséder, de vendre, d acheter, de stocker, de distribuer, de transporter, d importer ou d exporter des drogues narcotiques et des substances psychotropes, il soumet chaque année les rapports au ministre de la Santé.;* Copies des rapports annuels sur les produits de stupéfiants produits, fabriqués, vendus, vendus, achetés, stockés, distribués, transportés, importés ou exportés;0;0;0;0;17/07/2026
Produits Sensibles;Précurseurs de drogue;0;"Loi n ° 04-18 du 25 décembre 2004 sur la prévention et la suppression de l utilisation et du trafic illicites de drogues narcotiques et de substances psychotropes; Art. 1 Décret exécutif n ° 07-228 du 30 juillet 2007 établissant les régles pour accorder l autorisation d utiliser des stupéfiants et des substances psychotropes à des fins médicales et scientifiques; Art. 8";27;Si la société est autorisée à produire, fabriquer, posséder, vendre, acheter, stocker, distribuer, transporter, importer ou exporter des drogues de stupéfiants et des substances psychotropes, il signale un vol, une transformation ou une utilisation illégale de telles substances contrôlées.;nan;0;0;0;0;17/07/2026
Produits Sensibles;Précurseurs de drogue;0;"Loi n ° 04-18 du 25 décembre 2004 sur la prévention et la suppression de l utilisation et du trafic illicites de drogues narcotiques et de substances psychotropes; Art. 1 Décret exécutif n ° 07-228 du 30 juillet 2007 établissant les régles pour accorder l autorisation d utiliser des stupéfiants et des substances psychotropes à des fins médicales et scientifiques; Art. 8";28;Si la société est autorisée à produire, fabriquer, posséder, vendre, acheter, stocker, distribuer, transporter, importer ou exporter des drogues de stupéfiants et des substances psychotropes, elle stocke ses fournitures de drogues narcotiques et de substances psychotropes dans des casiers fermés.;nan;0;0;0;0;17/07/2026
Produits Sensibles;Fiches de données de sécurité;0;"Décret exécutif 05-08 du 08 janvier 2005 sur des prescriptions particuliéres applicables aux substances, matériaux et produits dangereux en milieu de travail; Art. 10";1;Toutes les substances, matériaux et préparations dangereux sur place sont accompagnés de leur fiche de données sur la sécurité des matériaux (FS).;* Fiche technique de sécurité des matériaux (FS) pour les matiéres dangereuses;0;0;0;0;17/07/2026
Produits Sensibles;Fiches de données de sécurité;0;"Décret exécutif 05-08 du 08 janvier 2005 sur des prescriptions particuliéres applicables aux substances, matériaux et produits dangereux en milieu de travail; Art. 10";2;L installation a soumis ses fiches techniques de sécurité matérielle à l autorité chargée de la sécurité au travail et de l hygiéne.;* Fiche technique de sécurité des matériaux (FS) pour les substances chimiques. * Fiche technique de sécurité des matériaux (FS) pour les matiéres dangereuses;0;0;0;0;17/07/2026
Produits Sensibles;Substances épuisantes de l ozone;0;"Loi 03-10 du 19 juillet 2003 sur la protection de l environnement dans la perspective du développement durable; Art. 46";1;L entreprise prend toutes les actions nécessaires dans ses installations industrielles pour réduire ou éviter l utilisation de substances épuisantes de l ozone.;nan;0;0;0;0;17/07/2026
Produits Sensibles;Substances épuisantes de l ozone;0;"Décret exécutif n ° 13-110 du 17 mars 2013 sur l utilisation de substances et de produits d épuisement de l ozone les contenant; Art. 3";2;L installation ne produit ni n exporte pas les substances d épuisement de l ozone contrôlée répertoriées à l annexe 1 au décret exécutif 13-110 du 17 mars 2013.;nan;0;0;0;0;17/07/2026
Produits Sensibles;Substances épuisantes de l ozone;0;"Décret exécutif n ° 13-110 du 17 mars 2013 sur l utilisation de substances et de produits d épuisement de l ozone les contenant; Art. 4";3;Si les exportations de l installation ont récupéré l ozone contrôlé épuisant les substances pour le recyclage et la destruction, il a obtenu une autorisation du ministére de l Environnement.;* Autorisation pour l exportation de substances épuisantes à l ozone contrôlée;0;0;0;0;17/07/2026
Produits Sensibles;Substances épuisantes de l ozone;0;"Décret exécutif n ° 13-110 du 17 mars 2013 sur l utilisation de substances et de produits d épuisement de l ozone les contenant; Art. 8";4;L installation n importe aucune ozone contrôlée épuisant des substances, ni des produits contenant des substances contrôlées par ozone contrôlée d un État / pays qui ne fait pas partie au protocole de Montréal de 1987.;* Ozone épuivant les dossiers d importation;0;0;0;0;17/07/2026
Produits Sensibles;Substances épuisantes de l ozone;0;"Décret exécutif n ° 13-110 du 17 mars 2013 sur l utilisation de substances et de produits d épuisement de l ozone les contenant; Art. 6";5;L installation n importe pas d ozone contrôlé épuisant les substances et des mélanges contenant des substances d épuisement à ozone contrôlée répertoriées à l annexe I et III du décret exécutif n ° 13-110 du 17 mars 2013.;nan;0;0;0;0;17/07/2026
Produits Sensibles;Substances épuisantes de l ozone;0;"Décret exécutif n ° 13-110 du 17 mars 2013 sur l utilisation de substances et de produits d épuisement de l ozone les contenant; Art. 7";6;Si l installation importe des substances et des mélanges d épuisement des ozones contenant des substances contrôlées en ozone énumérées à l annexe II et III du décret exécutif n ° 13-110 du 17 mars 2013, il a obtenu un quota d importation du ministére de l Environnement.;* Quota d importation des substances contrôlées;0;0;0;0;17/07/2026
Produits Sensibles;Substances épuisantes de l ozone;0;"Décret exécutif n ° 07-207 du 30 juin 2007 sur l utilisation de substances et de produits contenant des substances épuisement de l ozone; Art. 13 Décret exécutif n ° 13-110 du 17 mars 2013 sur l utilisation de substances et de produits d épuisement de l ozone les contenant; Art. 12";7;Si l installation détient un quota pour l importation de substances contrôlées à l ozone, elle informe le Comité des substances contrôlées au plus tard un mois aprés l expiration de la notification de l allocation de quotas concernant les quantités importées.;* Notification de la quantité de sujets d ozone contrôlés importés;0;0;0;0;17/07/2026
Produits Sensibles;Substances épuisantes de l ozone;0;"Décret exécutif n ° 13-110 du 17 mars 2013 sur l utilisation de substances et de produits d épuisement de l ozone les contenant; Art. 12";8;Si l installation détient un quota pour l importation de substances contrôlées à l ozone, il informe le Comité des substances contrôlées au plus tard quatre mois avant l expiration de la notification de l allocation de quotas dans le cas où l importation n aurait pas lieu.;nan;0;0;0;0;17/07/2026
Produits Sensibles;Substances épuisantes de l ozone;0;"Décret exécutif n ° 13-110 du 17 mars 2013 sur l utilisation de substances et de produits d épuisement de l ozone les contenant; Art. 23";9;L installation cesse d utiliser des substances d épuisement à l ozone contrôlée, comme indiqué à l annexe 1 du décret exécutif 07-207 du 30 juin 2007 pour la fabrication des produits énumérés à l annexe 3, conformément au calendrier énoncé à l annexe 2.;nan;0;0;0;0;17/07/2026
Produits Sensibles;Substances épuisantes de l ozone;0;"Décret exécutif n ° 13-110 du 17 mars 2013 sur l utilisation de substances et de produits d épuisement de l ozone les contenant; Art. 25";10;L installation garantit que les substances contrôlées par ozone contrôlées contenues dans l équipement de réfrigération et de climatisation, la protection contre les incendies et les extincteurs sont recyclés ou régénérés pendant l entretien ou avant l élimination de l équipement.;nan;0;0;0;0;17/07/2026
Produits dangereux;Stockage et manipulation;0;"Décret exécutif 05-08 du 08 janvier 2005 sur des prescriptions particuliéres applicables aux substances, matériaux et produits dangereux en milieu de travail; Art. 11";1;L installation limite son utilisation de matiéres dangereuses, de substances ou de produits au minimum généralement nécessaire pour le processus de production.;nan;0;0;0;0;17/07/2026
Produits dangereux;Stockage et manipulation;0;"Décret exécutif 91-05 du 19 janvier 1991 sur les prescriptions générales de protection par rapport à l hygiéne et à la sécurité dans les lieux de travail; Art. 31";2;L accés est réglementé dans les zones où les matériaux inflammables du groupe 1 sont manipulés ou utilisés.;nan;0;0;0;0;17/07/2026
Produits dangereux;Stockage et manipulation;0;"Décret exécutif 05-08 du 08 janvier 2005 sur des prescriptions particuliéres applicables aux substances, matériaux et produits dangereux en milieu de travail; Art. 6";3;Les matiéres dangereuses, produits ou substances de l installation sont étiquetées et correctement marquées de maniére à permettre leur identification.;nan;0;0;0;0;17/07/2026
Produits dangereux;Stockage général des matiéres dangereuses;0;"Décret exécutif 05-08 du 08 janvier 2005 sur des prescriptions particuliéres applicables aux substances, matériaux et produits dangereux en milieu de travail; Art. 5";4;Les paquets de matiéres dangereuses, de produits et de substances stockées / utilisées sur le site sont solides, sont des preuves liquides et conviennent à l utilisation prévue.;nan;0;0;0;0;17/07/2026
Produits dangereux;Stockage général des matiéres dangereuses;0;"Décret exécutif 91-05 du 19 janvier 1991 sur les prescriptions générales de protection par rapport à l hygiéne et à la sécurité dans les lieux de travail; Art. 52";5;Les matériaux inflammables du premier ou du deuxiéme groupe ne sont pas laissés ou stockés dans les escaliers, les voies, les couloirs ou à proximité des sorties des bâtiments et des locaux.;nan;0;0;0;0;17/07/2026
Produits dangereux;Stockage général des matiéres dangereuses;0;"Décret présidentiel 90-198 du 30 juin 1990 sur les explosifs; Art. 5";6;L installation ne stocke pas ensemble de substances explosives appartenant à différents groupes de compatibilité dans la même zone.;nan;0;0;0;0;17/07/2026
Produits dangereux;Stockage général des matiéres dangereuses;0;"Décret exécutif 91-05 du 19 janvier 1991 sur les prescriptions générales de protection par rapport à l hygiéne et à la sécurité dans les lieux de travail; Art. 4";7;Le plancher des locaux où des matériaux facilement dommageables ou ceux présentant un risque de corrosion ou d irritation sont stockés est lisse, imperméable et constitue un réceptacle à l épreuve des fuites.;nan;0;0;0;0;17/07/2026
Produits dangereux;Stockage général des matiéres dangereuses;0;"Décret exécutif 91-05 du 19 janvier 1991 sur les prescriptions générales de protection par rapport à l hygiéne et à la sécurité dans les lieux de travail; Art. 4";8;Les murs, les tables de travail et les sols des locaux où des matériaux facilement dommageables ou ceux présentant un risque de corrosion ou d irritation sont stockés sont lisses, lavés souvent et désinfectés si besoin est.;nan;0;0;0;0;17/07/2026
Produits dangereux;Stockage général des matiéres dangereuses;0;"Décret présidentiel 90-198 du 30 juin 1990 sur les explosifs; Art. 17 et art. 26";9;"Si l installation construit ou exploite un entrepôt pour des substances explosives, il a obtenu une autorisation préalable ""Certificat d´autorisation d´Exploter"" pour le faire.";"* L autorisation du ministére de l Énergie et des Mines (""Agrément"") pour faire face aux matériaux dangereux et aux substances chimiques";0;0;0;0;17/07/2026
Produits dangereux;Stockage général des matiéres dangereuses;0;"Décret exécutif 91-05 du 19 janvier 1991 sur les prescriptions générales de protection par rapport à l hygiéne et à la sécurité dans les lieux de travail; Art. 31";10;L installation garantit que les zones consacrées au stockage des matériaux présentant des risques associés à leur nature ou leur configuration sont séparées des postes de travail et des chemins de circulation.;* Carte de l installation identifiant les zones contrôlées et supervisées;0;0;0;0;17/07/2026
Produits dangereux;Stockage général des matiéres dangereuses;0;"Décret exécutif 91-05 du 19 janvier 1991 sur les prescriptions générales de protection par rapport à l hygiéne et à la sécurité dans les lieux de travail; Art. 31";11;L empilement des sacs, des caisses et des charges de toute nature de matériaux présentant des risques associés à leur nature ou à leur configuration est confié uniquement aux travailleurs qualifiés.;nan;0;0;0;0;17/07/2026
Produits dangereux;Stockage général des matiéres dangereuses;0;"Décret exécutif 03-451 du 01 décembre 2003 sur les régles de sécurité qui s appliquent aux activités liées aux matiéres dangereuses et aux produits chimiques ainsi qu aux navires sous pression; Art. 7 Ordonnance interministérale du 8 juillet 2014 établissant les conditions et méthodes d approbation du personnel chargées des tâches de stockage des produits chimiques et des matériaux dangereux ainsi que des conteneurs de gaz sous pression; Art. 2; Art. 8 Ordonnance interministérielle du 25 novembre 2015 établissant la liste et la classification des matiéres dangereuses et des produits chimiques; Art. 2";12;Si l installation stocke les substances chimiques dangereuses et les bidons sous pression, il n attribue que les travailleurs accrédités à le faire par la Direction de l énergie de compétence sur l emplacement où les substances dangereuses et les cartouches sous pression sont stockées.;* Autorisations nominatives du personnel qui effectue le stockage de substances chimiques dangereuses et de navires de pression de gaz;0;0;0;0;17/07/2026
Produits dangereux;Stockage général des matiéres dangereuses;0;"Décret exécutif 91-05 du 19 janvier 1991 sur les prescriptions générales de protection par rapport à l hygiéne et à la sécurité dans les lieux de travail; Art. 4";13;L installation garantit que les résidus des matériaux dommageables et ceux présentant un risque de corrosion ou d irritation sont stockés dans des conteneurs hermétiquement scellés.;nan;0;0;0;0;18/07/2026
Produits dangereux;Stockage général des matiéres dangereuses;0;"Décret exécutif 91-05 du 19 janvier 1991 sur les prescriptions générales de protection par rapport à l hygiéne et à la sécurité dans les lieux de travail; Art. 32";14;Les conteneurs de produits susceptibles de provoquer des brûlures thermiques ou chimiques aux travailleurs lorsqu ils sont manipulés ou décantés et qui sont faits de matériaux fragiles sont enveloppés dans des couvertures de protection résistantes aux chocs, quel que soit le transport et les moyens de déchargement.;nan;0;0;0;0;18/07/2026
Produits dangereux;Stockage général des matiéres dangereuses;0;"Décret exécutif n ° 90-245 du 18 août 1990 réglementant les navires de pression de gaz; Art. 5";15;Si l installation construit ou stockant des dispositifs de gaz sous pression, l installation a fixé la pression de conception en fonction des spécifications indiquées dans l art. 5 décret exécutif n ° 90-245 sur les dispositifs de gaz sous pression.;nan;0;0;0;0;18/07/2026
Produits dangereux;Stockage général des matiéres dangereuses;0;"Décret exécutif n ° 90-245 du 18 août 1990 réglementant les navires de pression de gaz; Art. 7";16;Tous les instruments à gaz sous pression sont marqués sur le métal ou sur une assiette avec les informations requises telles que définies par l art. 7 du décret n ° 90-245 sur les dispositifs de gaz sous pression.;nan;0;0;0;0;18/07/2026
Produits dangereux;Stockage général des matiéres dangereuses;0;"Décret exécutif n ° 90-245 du 18 août 1990 réglementant les navires de pression de gaz; Art. 8";17;Avant de prendre des travaux de construction de dispositifs de pression de gaz, pour le stockage ou la distribution, l installation a demandé une pré-approbation du service minier compétent.;* Fichier technique;0;0;0;0;18/07/2026
Produits dangereux;Stockage général des matiéres dangereuses;0;"Décret exécutif n ° 90-245 du 18 août 1990 réglementant les navires de pression de gaz; Art. 9";18;L installation qui construit un dispositif de pression de gaz a effectué tous les tests nécessaires pendant la construction et aprés la fin des travaux.;* Certificat de test de vérification * Fichier technique;0;0;0;0;18/07/2026
Produits dangereux;Stockage général des matiéres dangereuses;0;"Décret exécutif n ° 90-245 du 18 août 1990 réglementant les navires de pression de gaz; Art. 10";19;L installation a assuré que le dispositif de stockage de gaz sous pression a réussi un test de pression hydraulique.;* Document de test de pression hydraulique;0;0;0;0;18/07/2026
Produits dangereux;Transport de marchandises dangereuses;0;"Décret exécutif n ° 04-409 du 14 décembre 2004 sur les transports spéciaux dangereux; Art. 4";1;Si l installation transporte des déchets spéciaux dangereux, il garantit qu ils sont contenus dans des forfaits adaptés à leur nature, à leur état et au risque qui leur est associé.;nan;0;0;0;0;18/07/2026
Produits dangereux;Transport de marchandises dangereuses;0;"Décret exécutif n ° 04-409 du 14 décembre 2004 sur les transports spéciaux dangereux; Art. 6";2;Si l installation transporte des déchets spéciaux dangereux, il garantit que leurs forfaits ont des étiquettes claires résistantes à l eau et lisibles.;nan;0;0;0;0;18/07/2026
Produits dangereux;Transport de marchandises dangereuses;0;"Décret exécutif n ° 04-409 du 14 décembre 2004 sur les transports spéciaux dangereux; Art. 7";3;Si l installation transporte des déchets spéciaux dangereux, il garantit que les moyens de transport conviennent à leur nature, à leur état et au risque associé.;nan;0;0;0;0;18/07/2026
Produits dangereux;Transport de marchandises dangereuses;0;"Décret exécutif n ° 04-409 du 14 décembre 2004 sur les transports spéciaux dangereux; Art. 9";4;Si l installation transporte des déchets spéciaux dangereux, il garantit que les véhicules utilisés pour le transport sont placés de l extérieur avec des panneaux clairs spécifiques à la catégorie de déchets transportés.;nan;0;0;0;0;18/07/2026
Produits dangereux;Transport de marchandises dangereuses;0;"Décret exécutif n ° 04-409 du 14 décembre 2004 sur les transports spéciaux dangereux; Art. 17";5;"Si l installation transporte des déchets spéciaux dangereux, il garantit que la charge est accompagnée du document de mouvement ""Document de Movement"" qui a été signé par les personnes nécessaires.";* Document de mouvement pour les déchets spéciaux.;0;0;0;0;18/07/2026
Produits dangereux;Transport de marchandises dangereuses;0;"Décret exécutif n ° 04-409 du 14 décembre 2004 sur les transports spéciaux dangereux; Art. 19";6;Si l installation transporte des déchets spéciaux dangereux, il garantit que les moyens de transport sont décontaminés aprés le transport de chaque charge et avant de quitter le centre de traitement.;nan;0;0;0;0;18/07/2026
Produits dangereux;Transport de marchandises dangereuses par route;0;"Décret exécutif 03-452 du 01 décembre 2003 sur les conditions relatives au transport de matiéres dangereuses par la route; Art. 5";7;Si l installation transporte des matiéres dangereuses, elle a une autorisation préalable du ministére des Transports.;* Autorisation de transporter les matiéres dangereuses par route;0;0;0;0;18/07/2026
Produits dangereux;Transport de marchandises dangereuses par route;0;"Décret exécutif 03-452 du 01 décembre 2003 sur les conditions relatives au transport de matiéres dangereuses par la route; Art. 6";8;Si l installation transporte des matiéres dangereuses, elle les emballe dans des forfaits appropriés en fonction de leur classification.;nan;0;0;0;0;18/07/2026
Produits dangereux;Transport de marchandises dangereuses par route;0;"Décret exécutif 03-452 du 01 décembre 2003 sur les conditions relatives au transport de matiéres dangereuses par la route; Art. 7";9;Les paquets de matiéres dangereuses sont maintenues en bon état d utilisation.;nan;0;0;0;0;18/07/2026
Produits dangereux;Transport de marchandises dangereuses par route;0;"Décret exécutif 03-452 du 01 décembre 2003 sur les conditions relatives au transport de matiéres dangereuses par la route; Art. 9";10;Si l installation transporte des matiéres dangereuses, les conteneurs sont étiquetés avec le nom de la substance, les indications d une utilisation appropriée et les stratégies à adopter pour le contrôle ou l avertissement contre les dangers associés à ce matériau.;nan;0;0;0;0;18/07/2026
Produits dangereux;Transport de marchandises dangereuses par route;0;"Décret exécutif 03-452 du 01 décembre 2003 sur les conditions relatives au transport de matiéres dangereuses par la route; Art. 11";11;Si l installation transporte des matiéres dangereuses, les colis sont placés de maniére appropriée et fixe ou attachée.;nan;0;0;0;0;18/07/2026
Produits dangereux;Transport de marchandises dangereuses par route;0;"Décret exécutif 03-452 du 01 décembre 2003 sur les conditions relatives au transport de matiéres dangereuses par la route; Art. 12";12;Si l installation transporte des matiéres dangereuses, elle n utilise pas le même transport signifie consacré à des marchandises comestibles.;nan;0;0;0;0;18/07/2026
Produits dangereux;Transport de marchandises dangereuses par route;0;"Décret exécutif 03-452 du 01 décembre 2003 sur les conditions relatives au transport de matiéres dangereuses par la route; Art. 12";13;Si l installation transporte des matiéres dangereuses, elle ne charge pas de matiéres dangereuses incompatibles.;nan;0;0;0;0;18/07/2026
Produits dangereux;Transport de marchandises dangereuses par route;0;"Décret exécutif 03-452 du 01 décembre 2003 sur les conditions relatives au transport de matiéres dangereuses par la route; Art. 7";14;Si l installation transporte des matiéres dangereuses, elle ne se charge pas de matiéres dangereuses incompatibles solides en vrac.;nan;0;0;0;0;18/07/2026
Produits dangereux;Transport de marchandises dangereuses par route;0;"Décret exécutif 03-452 du 01 décembre 2003 sur les conditions relatives au transport de matiéres dangereuses par la route; Art. 14";15;Les forfaits de matiéres dangereuses sont séparées des autres paquets pour leur permettre d être facilement reconnus.;nan;0;0;0;0;18/07/2026
Produits dangereux;Transport de marchandises dangereuses par route;0;"Décret exécutif 03-452 du 01 décembre 2003 sur les conditions relatives au transport de matiéres dangereuses par la route; Art. 15";16;Les camions transportant des matiéres dangereuses sont clairement plégardées avec des panneaux spécifiques pour chaque classe de matiéres dangereuses transportées.;nan;0;0;0;0;18/07/2026
Produits dangereux;Transport de marchandises dangereuses par route;0;"Décret exécutif 03-452 du 01 décembre 2003 sur les conditions relatives au transport de matiéres dangereuses par la route; Art. 17";17;L installation lave ses camions transportant des matiéres dangereuses avant toute nouvelle charge de ces matériaux.;nan;0;0;0;0;18/07/2026
Produits dangereux;Transport de marchandises dangereuses par route;0;"Décret présidentiel 90-198 du 30 juin 1990 sur les explosifs; Art. 5";18;L installation ne transporte pas de substances explosives appartenant à différents groupes de compatibilité dans le même véhicule.;nan;0;0;0;0;18/07/2026
Produits dangereux;Transport de marchandises dangereuses par route;0;"Décret exécutif 03-452 du 01 décembre 2003 sur les conditions relatives au transport de matiéres dangereuses par la route; Art. 19";19;Le conducteur transportant des matiéres dangereuses se présente à l autorité de contrôle, sur demande, les documents donnant des informations sur la nature, la classe et le poids des matiéres dangereuses transportées.;* Documents sur la nature, la classe et la quantité de matiéres dangereuses;0;0;0;0;18/07/2026
Produits dangereux;Transport de marchandises dangereuses par route;0;"Décret exécutif 03-452 du 01 décembre 2003 sur les conditions relatives au transport de matiéres dangereuses par la route; Art. 7";20;Les paquets de matiéres dangereuses sont réguliérement contrôlées pour s assurer qu elles sont maintenues en bon état d utilisation.;nan;0;0;0;0;18/07/2026
Produits dangereux;Transport de marchandises dangereuses par route;0;"Ordonnance ministérielle du 2 novembre 2000 sur le transport routier de solides inflammables, matériaux combustibles spontanément, substances qui en contact avec l eau, émettent des gaz inflammables; Art. 4";21;Si l installation transporte les matiéres dangereuses de la classe 4, elle les emballe dans des forfaits suffisamment solides pour résister aux conditions normalement rencontrées pendant le transport.;nan;0;0;0;0;18/07/2026
Produits dangereux;Transport de marchandises dangereuses par route;0;"Ordonnance ministérielle du 2 novembre 2000 sur le transport routier de solides inflammables, matériaux combustibles spontanément, substances qui en contact avec l eau, émettent des gaz inflammables; Art. 29";22;Les véhicules utilisés pour le transport de matiéres dangereuses de la classe 4 sont équipées d équipements de lutte contre les incendies,;nan;0;0;0;0;18/07/2026
Produits dangereux;Transport de marchandises dangereuses par route;0;"Ordonnance ministérielle du 2 novembre 2000 sur le transport routier de solides inflammables, matériaux combustibles spontanément, substances qui en contact avec l eau, émettent des gaz inflammables; Chapitre 2; Section 2";23;Si l entreprise transporte les matiéres dangereuses de la classe 4, elle est conforme aux conditions de transport de ces matériaux énoncées dans le chapitre 2 de la section 2 de l ordre ministériel du 2 novembre 2000 sur le transport routier de solides inflammables, des matériaux combustibles spontanément, des substances qui en contact avec l eau, émettent des gaz inflammables;nan;0;0;0;0;11/07/2026
Produits dangereux;Transport de marchandises dangereuses par route;0;"Ordonnance ministérielle du 2 novembre 2000 sur le transport routier de solides inflammables, matériaux combustibles spontanément, substances qui en contact avec l eau, émettent des gaz inflammables; Chapitre 3; Section 1; Article 37";24;Si l entreprise transporte les matiéres dangereuses de la classe 4, elle obtient une autorisation préalable pour l entrée au service des véhicules d occasion du ministére des Mines.;* Entrée au service des véhicules transportant l autorisation des matériaux de classe 4;0;0;0;0;11/07/2026
Produits dangereux;Transport de marchandises dangereuses par route;0;"Ordonnance ministérielle du 2 novembre 2000 sur le transport routier de solides inflammables, matériaux combustibles spontanément, substances qui en contact avec l eau, émettent des gaz inflammables; Chapitre 2; Section 2; Article 40; Article 41";25;Si la société transporte les matiéres dangereuses de la classe 4, elle obtient une autorisation de transport du ministére des Transports.;* Licence pour le transport des documents de classe 4;0;0;0;0;11/07/2026
Produits dangereux;Transport de marchandises dangereuses par air;0;"Ordonnance du 7 octobre 1964 sur le transport de marchandises dangereuses par avion; Art. 2";26;Si l installation considére les expéditions de marchandises dangereuses par Air, elle a obtenu une autorisation préalable du ministére des Transports, à moins qu elle ne soit conforme aux recommandations de l International Air Transport Association.;* Autorisation de transporter les matiéres dangereuses par air;0;0;0;0;11/07/2026
Produits dangereux;Transport maritime de marchandises dangereuses;0;"Décret exécutif n ° 2002-01 du 6 janvier 2002, fixant le fonctionnement et la sécurité du port des régles générales; Art. 113";27;Si l installation considére les expéditions de marchandises dangereuses par mer, elle a soumis une déclaration écrite et obtenu une confirmation de l autorité portuaire 24 heures avant le navire dans le port.;* Déclaration écrite sur les matiéres dangereuses;0;0;0;0;11/07/2026
Produits dangereux;Transport maritime de marchandises dangereuses;0;"Décert exécutif 08-327 du 21 octobre 2008 pour mettre en place une obligation de notification pour le capitaine de la mer des navires transportant des marchandises dangereuses en cas d incident dans la mer; Art. 3 et art. 4";28;Le capitaine du navire transportant des substances toxiques, dangereuses ou polluantes informe par message sur tout événement se produisant à bord qui peut affecter la sécurité du navire et / ou constitue une menace de pollution ou de contamination du milieu marin et du littoral.;* Rapport sur les informations sur les événements qui se produisent sur le navire;0;0;0;0;11/07/2026
Produits dangereux;Amiante;0;"Ordonnance interministérielle du 01 octobre 2003 sur la protection des travailleurs contre l inhalation des poussiéres d amiante; Art. 12";1;L installation garantit que les déchets contenant de l amiante et des forfaits vides susceptibles d émettre des fibres d amiante sont étiquetés et conditionnés pour empêcher les émissions de poussiére pendant leur manipulation, leur transport ou leur stockage avant leur traitement.;nan;0;0;0;0;10/07/2026
Produits dangereux;Amiante;0;"Décret exécutif n ° 99-95 du 19 avril 1999 sur la prévention contre les dangers de l amiante; Art. 3";2;L installation ne fabrique, n importe pas ou ne met pas sur le marché des fibres ou des matériaux d amiante les contenant.;nan;0;0;0;0;11/07/2026
Produits dangereux;Amiante;0;"Ordonnance interministérielle du 01 octobre 2003 sur la protection des travailleurs contre l inhalation des poussiéres d amiante; Art. 11";3;"L installation garantit que les matériaux contenant de l amiante, qu ils soient emballés ou non, sont étiquetés et placés avec un panneau avec la lettre ""A"" et les mots: ""Avertissement, contient de l amiante"".";nan;0;0;0;0;11/07/2026
Produits dangereux;Amiante;0;"Décret exécutif 06-138 du 15 avril 2006 régulant les émissions de gaz, les fumées, les vapeurs, les liquides ou les particules solides dans l atmosphére et les conditions de leur contrôle.; Annexe 1 Décret exécutif n ° 99-95 du 19 avril 1999 sur la prévention contre les dangers de l amiante; Art. 6";4;Les versions de l amiante dans l atmosphére ou dans les effluents liquides ne dépassent pas les valeurs limites pertinentes.;* Registre des mesures des polluants atmosphériques;0;0;0;0;11/07/2026
Produits dangereux;Amiante;0;"Décret exécutif n ° 99-95 du 19 avril 1999 sur la prévention contre les dangers de l amiante; Art. 7";5;Les déchets d amiante et des emballages vides à partir desquels l amiante est susceptible d être émis sont réguliérement regroupés et transportés à l extérieur du lieu de travail, dans un emballage fermé approprié avec une étiquette qui indique qu ils contiennent de l amiante.;nan;0;0;0;0;11/07/2026
Produits dangereux;Amiante;0;"Décret exécutif n ° 99-95 du 19 avril 1999 sur la prévention contre les dangers de l amiante; Art. 9";6;Si l installation posséde un bâtiment qui est susceptible de contenir un revêtement par pulvérisation ou de l amiante d isolation thermique sur laquelle il effectue des travaux, il a obtenu une autorisation préalable délivrée par le gouverneur (WALI).;* Autorisation pour effectuer des travaux sur les bâtiments contenant de l amiante;0;0;0;0;17/07/2026
Produits dangereux;Biphényles polychlorés (PCB / PCT);0;"Décret n ° 87-182 du 19 août 1987 sur les PCB, équipement électrique contenant des PCB et des matériaux contaminés par des PCB; Art. 2";1;L installation n importe pas, ne produit, n installe, n achéte, ne vend, ne fournit pas ou ne donne pas d huile contenant des PCB, des équipements électriques contenant des PCB ou des matériaux contaminés par des PCB.;nan;0;0;0;0;17/07/2026
Produits dangereux;Biphényles polychlorés (PCB / PCT);0;"Décret n ° 87-182 du 19 août 1987 sur les PCB, équipement électrique contenant des PCB et des matériaux contaminés par des PCB; Art. 6";2;L installation ne fait pas d opérations de réparation sur l équipement électrique à l aide de PCB qui étaient utilisés avant le 18 août 1987 qui ont besoin ou induisent une variation d huile partielle ou totale.;nan;0;0;0;0;17/07/2026
Produits dangereux;Biphényles polychlorés (PCB / PCT);0;"Décret n ° 87-182 du 19 août 1987 sur les PCB, équipement électrique contenant des PCB et des matériaux contaminés par des PCB; Art. 7";3;L installation ne réalise pas, pour réparation, tout soudage sur l équipement électrique qui contient des PCB et qui a été mis en service avant le 18 août 1987.;nan;0;0;0;0;17/07/2026
Produits dangereux;Biphényles polychlorés (PCB / PCT);0;"Décret n ° 87-182 du 19 août 1987 sur les PCB, équipement électrique contenant des PCB et des matériaux contaminés par des PCB; Art. 8";4;Si l installation remplace l huile à base de PCB contenue dans les équipements électriques toujours utilisés aprés le 18 août 1987 par un huile minérale, il a obtenu une autorisation préalable du ministre de l Environnement.;* Autorisation préalable de remplacer les PCB contenant de l huile;0;0;0;0;17/07/2026
Produits dangereux;Biphényles polychlorés (PCB / PCT);0;"Décret n ° 87-182 du 19 août 1987 sur les PCB, équipement électrique contenant des PCB et des matériaux contaminés par des PCB; Art. 8";5;Si, avant le 18 août 1987, l installation a remplacé l huile contenant des PCB qui était contenue dans l équipement électrique avec de l huile minérale, il cesse instantanément de l utilisation de cet équipement électrique.;nan;0;0;0;0;17/07/2026
Produits dangereux;Biphényles polychlorés (PCB / PCT);0;"Décret n ° 87-182 du 19 août 1987 sur les PCB, équipement électrique contenant des PCB et des matériaux contaminés par des PCB; Art. 4";6;L équipement de maintien de l installation contenant de l huile contenant des PCB effectue une inspection périodique et un entretien régulier de cet équipement.;* Rapport sur les inspections réguliéres et l entretien régulier de l équipement à l aide de PCB contenant de l huile;0;0;0;0;17/07/2026
Produits dangereux;Biphényles polychlorés (PCB / PCT);0;"Décret n ° 87-182 du 19 août 1987 sur les PCB, équipement électrique contenant des PCB et des matériaux contaminés par des PCB; Art. 4";7;L installation maintient un rapport (Procés verbal) concernant les inspections périodiques et l entretien régulier de l équipement à l aide de PCB contenant de l huile.;* Rapport sur les inspections réguliéres et l entretien régulier de l équipement à l aide de PCB contenant de l huile;0;0;0;0;17/07/2026
Produits dangereux;Biphényles polychlorés (PCB / PCT);0;"Décret n ° 87-182 du 19 août 1987 sur les PCB, équipement électrique contenant des PCB et des matériaux contaminés par des PCB; Art. 10";8;Si l installation contient de l huile contenant des PCB, des équipements électriques contenant ces huiles ou des matériaux contaminés par les PCB, il a informé le Département de la défense civile, le département de l environnement et le service de santé du gouverneur correspondant avant le 18 février 1988.;* Notification sur la maintenance contenant des PCB contenant des PCB, des équipements électriques contenant ou des matériaux contaminés par des PCB;0;0;0;0;17/07/2026
Produits dangereux;Biphényles polychlorés (PCB / PCT);0;"Décret n ° 87-182 du 19 août 1987 sur les PCB, équipement électrique contenant des PCB et des matériaux contaminés par des PCB; Annexe 3, Art. 11";9;Les locaux où les équipements électriques utilisant des PCB sont utilisés sont suffisamment ventilés.;nan;0;0;0;0;17/07/2026
Produits dangereux;Biphényles polychlorés (PCB / PCT);0;"Décret n ° 87-182 du 19 août 1987 sur les PCB, équipement électrique contenant des PCB et des matériaux contaminés par des PCB; Annexe 3, Art. 11";10;"Les locaux où les équipements électriques utilisant des PCB sont utilisés sont marqués d un panneau ""avertissement de PCB"" (""Danger PCB"") approprié.";nan;0;0;0;0;17/07/2026
Produits dangereux;Biphényles polychlorés (PCB / PCT);0;"Décret n ° 87-182 du 19 août 1987 sur les PCB, équipement électrique contenant des PCB et des matériaux contaminés par des PCB; Annexe 3, Art. 11";11;Les locaux où l équipement électrique utilisant des PCB sont utilisés ont des planchers fabriqués à partir de ciment anti-fuite, sans égouts et qui sont suffisamment délimités permettant de contenir une fuite accidentelle d huile contenant des PCB.;nan;0;0;0;0;17/07/2026
Produits dangereux;Biphényles polychlorés (PCB / PCT);0;"Décret n ° 87-182 du 19 août 1987 sur les PCB, équipement électrique contenant des PCB et des matériaux contaminés par des PCB; Annexe 3, Art. 11";12;Les locaux où l équipement électrique utilisant des PCB sont utilisés ont des murs externes appropriés qui empêchent le feu de se propager et les murs de séparation qui arrêtent les flammes.;nan;0;0;0;0;17/07/2026
Produits dangereux;Biphényles polychlorés (PCB / PCT);0;"Décret n ° 87-182 du 19 août 1987 sur les PCB, équipement électrique contenant des PCB et des matériaux contaminés par des PCB; Annexe 3, Art. 11";13;Les locaux où l équipement électrique utilisant des PCB sont utilisés ont des portes résistantes au feu, équipées d un systéme de fermeture automatique et doivent s ouvrir à l extérieur.;nan;0;0;0;0;17/07/2026
Produits dangereux;Biphényles polychlorés (PCB / PCT);0;"Décret n ° 87-182 du 19 août 1987 sur les PCB, équipement électrique contenant des PCB et des matériaux contaminés par des PCB; Annexe 3, Art. 11";14;Il y a une pelle et un sac contenant 50 kg de sable à l entrée des bâtiments où des équipements électriques à l aide de PCB sont utilisés.;nan;0;0;0;0;17/07/2026
Produits dangereux;Biphényles polychlorés (PCB / PCT);0;"Décret n ° 87-182 du 19 août 1987 sur les PCB, équipement électrique contenant des PCB et des matériaux contaminés par des PCB; Annexe 3, Art. 11";15;Les locaux où les équipements électriques utilisant des PCB sont utilisés sont équipés d un nombre suffisant d extincteurs.;nan;0;0;0;0;17/07/2026
Produits dangereux;Biphényles polychlorés (PCB / PCT);0;"Décret n ° 87-182 du 19 août 1987 sur les PCB, équipement électrique contenant des PCB et des matériaux contaminés par des PCB; Art. 12";16;Les condenseurs électriques contenant de l huile contaminés par des PCB sont équipés d un systéme anti-éclaboussures.;nan;0;0;0;0;17/07/2026
Produits dangereux;Biphényles polychlorés (PCB / PCT);0;"Décret n ° 87-182 du 19 août 1987 sur les PCB, équipement électrique contenant des PCB et des matériaux contaminés par des PCB; Annexe 5, Art. 14";17;Les PCB contenant de l huile ne sont manipulés et transportés que dans des conteneurs résistants et à l épreuve des fuites.;nan;0;0;0;0;17/07/2026
Produits dangereux;Biphényles polychlorés (PCB / PCT);0;"Décret n ° 87-182 du 19 août 1987 sur les PCB, équipement électrique contenant des PCB et des matériaux contaminés par des PCB; Annexe 5, Art. 14";18;Pendant le transport, l huile contenant des PCB est placée dans le véhicule en fonction de la solidité du sol et du centre de gravité du véhicule.;nan;0;0;0;0;17/07/2026
Produits dangereux;Biphényles polychlorés (PCB / PCT);0;"Décret n ° 87-182 du 19 août 1987 sur les PCB, équipement électrique contenant des PCB et des matériaux contaminés par des PCB; Annexe 5, Art. 134";19;Pendant le transport, tous les articles transportés dans les mêmes véhicules avec des PCB contenant de l huile sont fixés de maniére à ne pas provoquer des accidents impliquant la perforation de conteneurs d huile contenant des PCB.;nan;0;0;0;0;17/07/2026
Produits dangereux;Biphényles polychlorés (PCB / PCT);0;"Décret n ° 87-182 du 19 août 1987 sur les PCB, équipement électrique contenant des PCB et des matériaux contaminés par des PCB; Annexe 5, Art. 14";20;Avant le transport, les condenseurs électriques contenant des PCB contenant de l huile sont emballés avec du plastique et fixés sur une palette.;nan;0;0;0;0;17/07/2026
Produits dangereux;Biphényles polychlorés (PCB / PCT);0;"Décret n ° 87-182 du 19 août 1987 sur les PCB, équipement électrique contenant des PCB et des matériaux contaminés par des PCB; Annexe 5, Art. 14";21;"L installation garantit que le transport de PCB contenant de l huile est effectué uniquement dans les véhicules ayant le panneau ""Transport de PCB"" écrit en rouge sur une surface blanche.";nan;0;0;0;0;17/07/2026
Produits dangereux;Biphényles polychlorés (PCB / PCT);0;"Décret n ° 87-182 du 19 août 1987 sur les PCB, équipement électrique contenant des PCB et des matériaux contaminés par des PCB; Art. 15";22;L installation ne réutilise aucun emballage qui a servi pour l huile contenant des PCB ou pour des matériaux contaminés par celui-ci.;nan;0;0;0;0;17/07/2026
Produits dangereux;Biphényles polychlorés (PCB / PCT);0;"Décret n ° 87-182 du 19 août 1987 sur les PCB, équipement électrique contenant des PCB et des matériaux contaminés par des PCB; Art. 16";23;L établissement informe immédiatement la défense civile, le Département de l environnement et le service de santé du gouvernorat correspondant en cas d incendie ou de fuites accidentelles et importantes d huile contenant des PCB, des équipements contenant ou des matériaux contaminés par celui-ci.;* Notification des incendies ou des fuites accidentelles et importantes d huile contenant des PCB, des équipements contenant ou des matériaux qui en sont contaminés.;0;0;0;0;17/07/2026
Produits dangereux;Biphényles polychlorés (PCB / PCT);0;"Décret n ° 87-182 du 19 août 1987 sur les PCB, équipement électrique contenant des PCB et des matériaux contaminés par des PCB; Art. 17";24;L installation ne décharge pas l huile contenant des PCB au réseau d égouts;nan;0;0;0;0;17/07/2026
Produits dangereux;Biphényles polychlorés (PCB / PCT);0;"Décret n ° 87-182 du 19 août 1987 sur les PCB, équipement électrique contenant des PCB et des matériaux contaminés par des PCB; Annexe 6, Art. 19";25;En cas de libération accidentelle de PCB contenant du pétrole, l établissement informe la défense civile, le Département de l environnement et le ministére de la Santé du gouvernorat correspondant;* Notification de la décharge accidentelle de l huile contenant des PCB;0;0;0;0;17/07/2026
Produits dangereux;Biphényles polychlorés (PCB / PCT);0;"Décret n ° 87-182 du 19 août 1987 sur les PCB, équipement électrique contenant des PCB et des matériaux contaminés par des PCB; Annexe 6, Art. 19";26;En cas de décharge accidentelle de l huile contenant des PCB, l installation prend des mesures pour éviter la contamination des personnes.;nan;0;0;0;0;17/07/2026
Produits dangereux;Biphényles polychlorés (PCB / PCT);0;"Décret n ° 87-182 du 19 août 1987 sur les PCB, équipement électrique contenant des PCB et des matériaux contaminés par des PCB; Annexe 6, Art. 19";27;En cas de décharge accidentelle d huile contenant des PCB, l installation récupére l huile dans des récipients ou prend d autres mesures approuvées si cela est techniquement impossible.;nan;0;0;0;0;17/07/2026
Produits dangereux;Biphényles polychlorés (PCB / PCT);0;"Décret n ° 87-182 du 19 août 1987 sur les PCB, équipement électrique contenant des PCB et des matériaux contaminés par des PCB; Annexe 6, Art. 19";28;En cas de décharge accidentelle d huile contenant des PCB, l installation obstrue tous les trous et gouttiéres, ou construit une barriére si le déversement s est produit sur le béton, l asphalte ou le sol.;nan;0;0;0;0;17/07/2026
Produits dangereux;Biphényles polychlorés (PCB / PCT);0;"Décret n ° 87-182 du 19 août 1987 sur les PCB, équipement électrique contenant des PCB et des matériaux contaminés par des PCB; Annexe 6, Art. 19";29;En cas de décharge accidentelle d huile contenant des PCB, l installation nettoie le sol avec des chiffons et utilise des solvants tels que le kéroséne, l huile de carburant, la térébenthine, le trichloroéthane varsol, etc.;nan;0;0;0;0;17/07/2026
Produits dangereux;Biphényles polychlorés (PCB / PCT);0;"Décret n ° 87-182 du 19 août 1987 sur les PCB, équipement électrique contenant des PCB et des matériaux contaminés par des PCB; Annexe 6, Art. 19";30;En cas de décharge accidentelle d huile contenant des PCB à l eau, l établissement drade les sédiments contaminés.;nan;0;0;0;0;17/07/2026
Produits dangereux;Biphényles polychlorés (PCB / PCT);0;"Décret n ° 87-182 du 19 août 1987 sur les PCB, équipement électrique contenant des PCB et des matériaux contaminés par des PCB; Annexe 6, Art. 19";31;En cas de décharge accidentelle de l huile contenant des PCB, l installation préléve des échantillons pour déterminer le degré de pénétration du sol.;* Enregistrements des résultats de l échantillonnage pour déterminer le degré de pénétration des PCB dans le sol;0;0;0;0;18/07/2026
Produits dangereux;Biphényles polychlorés (PCB / PCT);0;"Décret n ° 87-182 du 19 août 1987 sur les PCB, équipement électrique contenant des PCB et des matériaux contaminés par des PCB; Annexe 6, Art. 19";32;Si la décharge accidentelle d huile contenant des PCB se produit sur le sol, l installation vérifie si les puits et les étendues d eau ne sont pas contaminés par les PCB.;nan;0;0;0;0;18/07/2026
Produits dangereux;Biphényles polychlorés (PCB / PCT);0;"Décret n ° 87-182 du 19 août 1987 sur les PCB, équipement électrique contenant des PCB et des matériaux contaminés par des PCB; Art. 9";33;Si l installation dispose d équipements électriques contenant des huiles à base de PCB, il les vide avant leur transport ou leur stockage.;nan;0;0;0;0;18/07/2026
Produits dangereux;Mesures phytosanitaires pour l emballage en bois;0;"Ordonnance interministérielle du 5 août 2009 approuvant les régles techniques réglementant les matériaux d emballage à base de bois destinés au commerce; Annexe II, Art. 4";1;Si l installation importe ou exporte des marchandises emballées dans des matériaux d emballage en bois, il garantit que les matériaux d emballage en bois ont été traités contre les ravageurs en fonction d une mesure approuvée et affichent une marque qui atteste de ce traitement.;nan;0;0;0;0;18/07/2026
Produits dangereux;Explosifs;0;"Décret présidentiel 90-198 du 30 juin 1990 sur les explosifs; Art. 12";1;Si l installation produit des substances explosives, elle a construit une zone d incinération pour incinérer les déchets dangereux résultant de ses activités.;nan;0;0;0;0;18/07/2026
Produits dangereux;Explosifs;0;"Décret présidentiel 90-198 du 30 juin 1990 sur les explosifs; Art. 17";2;Si l installation stocke les explosifs, il a obtenu une autorisation préalable pour le faire.;* Autorisation de stocker des explosifs;0;0;0;0;18/07/2026
Produits dangereux;Explosifs;0;"Décret présidentiel 90-198 du 30 juin 1990 sur les explosifs; Art. 33";3;Si l installation produit, stocke, transporte, utilise ou échange des substances explosives, elle garantit qu elles sont marquées de maniére à permettre leur identification.;* Marquage des substances explosives;0;0;0;0;18/07/2026
Santé Sécurité;Devoir de diligence;0;"Loi 88-07 du 26 janvier 1988 sur l hygiéne, la sécurité et les soins de santé au travail; Art. 3";1;Des mesures adéquates sont prises pour assurer la santé et la sécurité des travailleurs.;nan;0;0;0;0;18/07/2026
Santé Sécurité;Devoir de diligence;0;"Décret exécutif 05-08 du 08 janvier 2005 sur des prescriptions particuliéres applicables aux substances, matériaux et produits dangereux en milieu de travail; Art. 12";2;L installation maintient et tient à jour un registre pour les substances, produits et préparations dangereux utilisés sur le lieu de travail.;* Inscrivez-vous aux substances, produits et préparations dangereux.;0;0;0;0;18/07/2026
Santé Sécurité;Exigences de prévention générale;0;"Loi 90-11 du 21 avril 1990 sur les relations de travail; Art. 75";3;Si l installation compte 20 travailleurs ou plus, des régles et réglements internes ont été établis.;* Régles et réglements internes pour les installations de 20 travailleurs ou plus.;0;0;0;0;18/07/2026
Santé Sécurité;Exigences de prévention générale;0;"Loi 90-11 du 21 avril 1990 sur les relations de travail; Art. 75";4;L employeur a informé et informé les travailleurs du contenu des régles et réglements internes.;nan;0;0;0;0;18/07/2026
Santé Sécurité;Persons / services d experts OST;0;"Décret du 16 octobre 2001 établissant des normes relatives aux moyens humains, locaux et équipements des services de santé au travail; Art. 2";5;Si l établissement emploie 800 à 2000 travailleurs et a un service autonome pour la santé au travail, et si les travailleurs sont trés exposés aux risques professionnels, l établissement nomme 2 infirmiéres.;nan;0;0;0;0;18/07/2026
Santé Sécurité;Persons / services d experts OST;0;"Décret du 16 octobre 2001 établissant des normes relatives aux moyens humains, locaux et équipements des services de santé au travail; Art. 2";6;Si l établissement emploie plus de 2 000 travailleurs et dispose d un service autonome pour la santé au travail, et si les travailleurs sont trés exposés aux risques professionnels, l établissement nomme une infirmiére supplémentaire pour chaque 1 000 travailleurs supplémentaires.;nan;0;0;0;0;18/07/2026
Santé Sécurité;Persons / services d experts OST;0;"Décret du 16 octobre 2001 établissant des normes relatives aux moyens humains, locaux et équipements des services de santé au travail; Art. 2";7;Si l établissement emploie 500 travailleurs et dispose d un service autonome pour la santé au travail, et si les travailleurs sont «mini-exposés» aux risques professionnels, l établissement nomme une infirmiére.;nan;0;0;0;0;18/07/2026
Santé Sécurité;Persons / services d experts OST;0;"Décret du 16 octobre 2001 établissant des normes relatives aux moyens humains, locaux et équipements des services de santé au travail; Art. 2";8;Si l établissement emploie 1000 travailleurs ou plus et dispose d un service autonome pour la santé au travail, et si les travailleurs sont «mini-exposés» aux risques professionnels, l établissement nomme 2 infirmiéres.;nan;0;0;0;0;18/07/2026
Santé Sécurité;Persons / services d experts OST;0;"Décret du 16 octobre 2001 établissant des normes relatives aux moyens humains, locaux et équipements des services de santé au travail; Art. 4";9;"Si les travailleurs de l installation sont trés exposés aux risques professionnels et que leur nombre est inférieur à 200 ou si les travailleurs sont ""minimalement exposés"" et que leur nombre ne dépasse pas 500, l établissement nomme une infirmiére à l infirmerie.";nan;0;0;0;0;18/07/2026
Santé Sécurité;Persons / services d experts OST;0;"Loi 88-07 du 26 janvier 1988 sur l hygiéne, la sécurité et les soins de santé au travail; Art. 23";10;Si l établissement emploie plus de 9 travailleurs avec un contrat à durée déterminée, il nomme une personne permanente pour l hygiéne et la sécurité assistées par 2 travailleurs reconnus comme les plus qualifiés pour la tâche.;nan;0;0;0;0;18/07/2026
Santé Sécurité;Persons / services d experts OST;0;"Loi 88-07 du 26 janvier 1988 sur l hygiéne, la sécurité et les soins de santé au travail; Art. 23";11;Si l établissement emploie neuf travailleurs ou moins, il nomme une personne pour l hygiéne et la sécurité.;nan;0;0;0;0;18/07/2026
Santé Sécurité;Persons / services d experts OST;0;"Décert exécutif 05-09 du 08 janvier 2005 sur les commissions conjointes pour l hygiéne et la sécurité; Art. 25";12;La personne nommée pour l hygiéne et la sécurité dans l établissement communique à l employeur un rapport annuel sur l état des risques professionnels.;* Rapport annuel sur l état des risques professionnels.;0;0;0;0;18/07/2026
Santé Sécurité;Persons / services d experts OST;0;"Décert exécutif 05-09 du 08 janvier 2005 sur les commissions conjointes pour l hygiéne et la sécurité; Art. 20";13;L installation garantit que le registre de l hygiéne, de la santé et de la santé au travail ainsi que le registre des accidents professionnels est mis à la disposition de l inspecteur du travail et de tout autre organisme autorisé.;* Registre des accidents professionnels * Inscrivez-vous à la sécurité et à la santé au travail;0;0;0;0;18/07/2026
Santé Sécurité;Persons / services d experts OST;0;"Décert exécutif 05-09 du 08 janvier 2005 sur les commissions conjointes pour l hygiéne et la sécurité; Art. 25";14;L employeur s assure que le rapport annuel sur l état des risques professionnels ainsi que le rapport d évaluation (rapport Bilan) sont conservés dans le registre de l hygiéne, de la sécurité et de la santé au travail.;* Rapport annuel sur l état des risques professionnels. * Registre de l hygiéne, de la santé et de la santé au travail;0;0;0;0;18/07/2026
Santé Sécurité;Comité H&S;0;"Loi 90-11 du 21 avril 1990 sur les relations de travail; Art. 93";15;Un comité de participation a été créé dans un établissement ayant au moins 20 employés.;nan;0;0;0;0;18/07/2026
Santé Sécurité;Comité H&S;0;"Décert exécutif 05-11 du 08 janvier 2005 sur les conditions de création, de fonctionnement, d organisation du service et de la sécurité d hygiéne; Art. 3";16;Si l établissement emploie plus de 50 employés, il crée un service (section) pour l hygiéne et la sécurité.;nan;0;0;0;0;18/07/2026
Santé Sécurité;Comité H&S;0;"Décert exécutif 05-11 du 08 janvier 2005 sur les conditions de création, de fonctionnement, d organisation du service et de la sécurité d hygiéne; Art. 6";17;Le service d hygiéne et de sécurité est de la responsabilité du personnel qualifié et expérimenté.;nan;0;0;0;0;18/07/2026
Santé Sécurité;Comité H&S;0;"Décert exécutif 05-11 du 08 janvier 2005 sur les conditions de création, de fonctionnement, d organisation du service et de la sécurité d hygiéne; Art. 13";18;Le service d hygiéne et de sécurité maintient et met à jour un registre pour l hygiéne, la sécurité et la santé au travail.;* Inscrivez-vous à la sécurité et à la santé au travail;0;0;0;0;18/07/2026
Santé Sécurité;Comité H&S;0;"Décert exécutif 05-11 du 08 janvier 2005 sur les conditions de création, de fonctionnement, d organisation du service et de la sécurité d hygiéne; Art. 13";19;Le service d hygiéne et de sécurité maintient et met à jour un registre des vérifications techniques de l équipement et des installations.;* Registre des vérifications techniques de l équipement et des installations;0;0;0;0;18/07/2026
Santé Sécurité;Comité H&S;0;"Loi 88-07 du 26 janvier 1988 sur l hygiéne, la sécurité et les soins de santé au travail; Art. 23 Décert exécutif 05-09 du 08 janvier 2005 sur les commissions conjointes pour l hygiéne et la sécurité; Art. 2";20;Si l installation emploie plus de neuf travailleurs ayant un contrat de durée indéterminé, il crée des commissions bipartites pour l hygiéne et la sécurité.;nan;0;0;0;0;18/07/2026
Santé Sécurité;Comité H&S;0;"Décert exécutif 05-11 du 08 janvier 2005 sur les conditions de création, de fonctionnement, d organisation du service et de la sécurité d hygiéne; Art. 13";21;Le service d hygiéne et de sécurité maintient un registre à jour des accidents professionnels.;* Registre des accidents professionnels;0;0;0;0;18/07/2026
Santé Sécurité;Comité H&S;0;"Décriture exécutive 05-10 du 08 janvier 2005 sur l organisation et le fonctionnement du Comité inter-entreprises pour l hygiéne et la sécurité; Art. 2";22;Si, dans le même lieu de travail, plus d une entreprise appartenant au même secteur d activités est regroupé pour mener une activité pendant une période déterminée et employant des travailleurs ayant des contrats à période fixe, l installation a créé un comité inter-entreprises pour l hygiéne et la sécurité.;nan;0;0;0;0;18/07/2026
Santé Sécurité;Comité H&S;0;"Décriture exécutive 05-10 du 08 janvier 2005 sur l organisation et le fonctionnement du Comité inter-entreprises pour l hygiéne et la sécurité; Art. 6";23;Le Comité inter-entreprises pour l hygiéne et la sécurité est créé dans les 15 jours suivant le début des opérations.;nan;0;0;0;0;11/07/2026
Santé Sécurité;Comité H&S;0;"Décert exécutif 05-11 du 08 janvier 2005 sur les conditions de création, de fonctionnement, d organisation du service et de la sécurité d hygiéne; Art. 18";24;Le service d hygiéne et de sécurité prépare un rapport annuel répertoriant et évaluant les activités d hygiéne et de sécurité dans l installation et de présenter des propositions pour améliorer l organisation et le fonctionnement de ces activités.;* Rapport annuel audit les activités d hygiéne et de sécurité dans l installation et de présenter des propositions pour améliorer l organisation et le fonctionnement de ces activités;0;0;0;0;11/07/2026
Santé Sécurité;Comité H&S;0;"Décriture exécutive 05-10 du 08 janvier 2005 sur l organisation et le fonctionnement du Comité inter-entreprises pour l hygiéne et la sécurité; Art. 8";25;Le Comité inter-entreprises pour l hygiéne et la sécurité se réunit une fois par trimestre.;* Dossiers des réunions du Comité inter-entreprises pour l hygiéne et la sécurité;0;0;0;0;11/07/2026
Santé Sécurité;Comité H&S;0;"Décriture exécutive 05-10 du 08 janvier 2005 sur l organisation et le fonctionnement du Comité inter-entreprises pour l hygiéne et la sécurité; Art. 19";26;Une zone sur le lieu de travail est accessible au comité inter-entreprises pour l hygiéne et la sécurité.;nan;0;0;0;0;11/07/2026
Santé Sécurité;Comité H&S;0;"Décriture exécutive 05-10 du 08 janvier 2005 sur l organisation et le fonctionnement du Comité inter-entreprises pour l hygiéne et la sécurité; Art. 15";27;Le comité inter-entreprises pour l hygiéne et la sécurité crée une structure pour la mise en œuvre et le suivi.;nan;0;0;0;0;17/07/2026
Santé Sécurité;Comité H&S;0;"Décert exécutif 05-09 du 08 janvier 2005 sur les commissions conjointes pour l hygiéne et la sécurité; Art. 20";28;L installation garantit que le rapport des réunions de la Commission d une entreprise ou d une unité ainsi que tous les rapports établis par la Commission sont placés dans le registre de l hygiéne, de la sécurité et de la santé au travail.;* Rapport annuel sur l état des risques professionnels. * Rapports fait par la Commission bipartite pour l hygiéne et la sécurité. * Rapports des réunions de la Commission bipartite pour l hygiéne et la sécurité.;0;0;0;0;17/07/2026
Santé Sécurité;Comité H&S;0;"Décert exécutif 05-11 du 08 janvier 2005 sur les conditions de création, de fonctionnement, d organisation du service et de la sécurité d hygiéne; Art. 18";29;Le rapport annuel sur l audit de l hygiéne et des activités de sécurité dans l établissement a été soumis à la Commission bipartite pour la santé et la sécurité et transmis par l employeur à la direction de la santé et de la population ainsi que de l inspection du travail.;* Rapport annuel audit les activités d hygiéne et de sécurité dans l installation et de présenter des propositions pour améliorer l organisation et le fonctionnement de ces activités;0;0;0;0;17/07/2026
Santé Sécurité;Comité H&S;0;"Décert exécutif 05-09 du 08 janvier 2005 sur les commissions conjointes pour l hygiéne et la sécurité; Art. 17";30;L installation garantit que les membres de la Commission bipartite se réunissent au moins une fois par trimestre pour une entreprise et une fois par mois pour une unité.;* Record des réunions des membres de la Commission bipartite pour une entreprise * Record des réunions des membres de la Commission bipartite pour une unité;0;0;0;0;17/07/2026
Santé Sécurité;L évaluation des risques;0;"Décret exécutif 06-198 du 31 mai 2006 sur le réglement régissant les établissements classées pour la protection de l environnement; Art. 14 Ordonnance interministérielle du 14 septembre 2014 établissant les procédures d examen et d approbation des études d évaluation des risques; Art. 2; Art. 9";1;Si l installation est un établissement classée mettant en œuvre des activités soumises à une étude sur les dangers (Étude de dangers), elle a effectué une évaluation des risques requise dans l étude des dangers.;*L évaluation des risques;0;0;0;0;17/07/2026
Santé Sécurité;Déclaration;0;"Décret exécutif 06-198 du 31 mai 2006 sur le réglement régissant les établissements classées pour la protection de l environnement; Art. 37";2;Si l installation est un établissement classée en fonction de la nomenclature d installation classéee, et si elle a subi des dommages-intérêts en raison d un incendie, d une explosion ou d un accident, il a transmis un rapport au président du comité d inspection d installation classée.;* Rapport sur les dommages dus à un incendie, à une explosion ou à tout accident dans un établissement classée;0;0;0;0;17/07/2026
Santé Sécurité;Déclaration;0;"Décret interministériel du 09 juin 1997 répertoriant les travaux où les employés sont trés exposés aux risques professionnels; Art. 3";3;L employeur effectuant des travaux répertoriés dans l annexe à l ordre interministériel du 09 juin 1997 les déclare aux autorités compétentes.;* Déclaration de travaux exposant les travailleurs aux risques professionnels (travaux répertoriés dans l annexe à l ordre interministériel du 09 juin 1997);0;0;0;0;17/07/2026
Santé Sécurité;Entraînement;0;"Décret exécutif 02-427 du 07 décembre 2002 sur les conditions d organisation de l enseignement, de l information et de la formation des travailleurs sur la prévention des risques professionnels; Art. 3";1;L employeur a effectué des séances de formation et d information pour les travailleurs sur les risques associés aux opérations et aux actions à entreprendre en cas d accidents.;* Dossiers de formation des employés;0;0;0;0;17/07/2026
Santé Sécurité;Entraînement;0;"Décret exécutif 02-427 du 07 décembre 2002 sur les conditions d organisation de l enseignement, de l information et de la formation des travailleurs sur la prévention des risques professionnels; Art. 19";2;L établissement garantit une formation appropriée aux travailleurs.;* Dossiers de formation des employés;0;0;0;0;17/07/2026
Santé Sécurité;Entraînement;0;"Décret exécutif 02-427 du 07 décembre 2002 sur les conditions d organisation de l enseignement, de l information et de la formation des travailleurs sur la prévention des risques professionnels; Art. 9";3;Selon les risques qui doivent être évités, l employeur organise une session pour que les travailleurs expliquent les mesures de sécurité prescrites.;nan;0;0;0;0;17/07/2026
Santé Sécurité;Entraînement;0;"Décret exécutif 02-427 du 07 décembre 2002 sur les conditions d organisation de l enseignement, de l information et de la formation des travailleurs sur la prévention des risques professionnels; Art. 11";4;L établissement garantit que la formation est dispensée aux travailleurs par des organismes compétents et des établissements spécialisés dans la prévention des risques professionnels.;* Dossiers de formation des employés;0;0;0;0;17/07/2026
Santé Sécurité;Entraînement;0;"Décret exécutif 02-427 du 07 décembre 2002 sur les conditions d organisation de l enseignement, de l information et de la formation des travailleurs sur la prévention des risques professionnels; Art. 13";5;L installation garantit que la formation à la sécurité est divisée en deux parties, la premiére concernant la théorie et la seconde à pratiquer.;* Records de formation théorique sur la sécurité professionnelle * Records de formation pratique sur la sécurité au travail;0;0;0;0;17/07/2026
Santé Sécurité;Entraînement;0;"Décret exécutif 02-427 du 07 décembre 2002 sur les conditions d organisation de l enseignement, de l information et de la formation des travailleurs sur la prévention des risques professionnels; Art. 15";6;Si un besoin de formation sur un danger spécifique émerge, l établissement garantit que les cours et les séances de formation sont données par un établissement approprié ayant des chambres et des moyens appropriés pour effectuer la formation spécifique.;nan;0;0;0;0;17/07/2026
Santé Sécurité;Entraînement;0;"Décret exécutif 02-427 du 07 décembre 2002 sur les conditions d organisation de l enseignement, de l information et de la formation des travailleurs sur la prévention des risques professionnels; Art. 8";7;L employeur donne des instructions sur les actions à prendre en cas d incidents techniques ou d accidents professionnels.;* Dossiers de formation des employés;0;0;0;0;17/07/2026
Santé Sécurité;Entraînement;0;"Décret exécutif 02-427 du 07 décembre 2002 sur les conditions d organisation de l enseignement, de l information et de la formation des travailleurs sur la prévention des risques professionnels; Art. 21";8;L installation garantit que les membres de la Commission bipartite relative à l hygiéne et à la sécurité reçoivent une formation appropriée pendant leur mandat.;* Dossiers de formation des employés;0;0;0;0;17/07/2026
Santé Sécurité;Entraînement;0;"Loi 88-07 du 26 janvier 1988 sur l hygiéne, la sécurité et les soins de santé au travail; Art. 23";9;L installation garantit un membre des commissions bipartites pour l hygiéne et la sécurité, ainsi que la personne nommée pour l hygiéne et la sécurité, reçoivent une formation appropriée.;* Dossiers de formation des employés;0;0;0;0;17/07/2026
Santé Sécurité;Jeunes travailleurs;0;"Loi 90-11 du 21 avril 1990 sur les relations de travail; Art. 15";1;L employeur n engage pas de travailleurs qui ont moins de 16 ans.;* Enregistrement montrant l âge des employés;0;0;0;0;17/07/2026
Santé Sécurité;Jeunes travailleurs;0;"Loi 90-11 du 21 avril 1990 sur les relations de travail; Art. 15";2;L employeur n attribue pas de jeunes travailleurs à des tâches dangereuses, insalubres ou nocives pour la santé.;* Enregistrement montrant l âge des employés;0;0;0;0;17/07/2026
Santé Sécurité;Jeunes travailleurs;0;"Loi 90-11 du 21 avril 1990 sur les relations de travail; Art. 27";3;L employeur n attribue pas de travailleurs qui ont moins de 19 ans pour travailler la nuit.;nan;0;0;0;0;17/07/2026
Santé Sécurité;Jeunes travailleurs;0;"Loi 90-11 du 21 avril 1990 sur les relations de travail; Art. 15";4;L établissement emploie de jeunes travailleurs que s ils ont une autorisation écrite de leurs tuteurs.;* Autorisation écrite des tuteurs des jeunes travailleurs;0;0;0;0;17/07/2026
Santé Sécurité;Travailleurs enceintes et allaités;0;"Décret exécutif 05-08 du 08 janvier 2005 sur des prescriptions particuliéres applicables aux substances, matériaux et produits dangereux en milieu de travail; Art. 12";5;L établissement garantit que les travailleurs enceintes ou l allaitement ne sont pas affectés à des postes de travail où ils seront exposés à des substances, produits ou préparations dangereux.;nan;0;0;0;0;17/07/2026
Santé Sécurité;Employés de nuit;0;"Loi 90-11 du 21 avril 1990 sur les relations de travail; Art. 29";6;L employeur n attribue pas de travailleuses au travail de nuit.;nan;0;0;0;0;17/07/2026
Santé Sécurité;Entrepreneurs sur place;0;"Ordonnance du 26 juillet 2008 sur l hygiéne et le plan de sécurité dans la construction, les travaux publics ou les sites de travaux hydrauliques; Art. 10";1;Si l établissement contracte différentes entreprises pour effectuer des travaux de construction ou hydrauliques, il les a informés sur les noms et les adresses des sociétés contractées.;* Document sur les noms et adresses des sociétés contractées;0;0;0;0;17/07/2026
Santé Sécurité;Entrepreneurs sur place;0;"Ordonnance du 26 juillet 2008 sur l hygiéne et le plan de sécurité dans la construction, les travaux publics ou les sites de travaux hydrauliques; Art. 12 et art. 14";2;Si une entreprise s est contractée pour effectuer des travaux de construction ou hydrauliques, sous-traitant d autres sociétés pour effectuer tout ou partie des tâches, elle garantit que les entreprises sous-traitées ont établi leurs propres plans d hygiéne et de sécurité.;* Copie du plan de sécurité et d hygiéne pour les projets de construction / hydrauliques;0;0;0;0;17/07/2026
Santé Sécurité;Entrepreneurs sur place;0;"Ordonnance du 26 juillet 2008 sur l hygiéne et le plan de sécurité dans la construction, les travaux publics ou les sites de travaux hydrauliques; Art. 11";3;Si une entreprise s est contractée pour effectuer des travaux de construction ou hydrauliques, sous-traite d autres sociétés pour effectuer tout ou partie des tâches, il fournit à tous les acteurs une copie du plan de sécurité et d hygiéne qu elle a établie.;* Copie du plan de sécurité et d hygiéne pour les projets de construction / hydrauliques;0;0;0;0;17/07/2026
Santé Sécurité;Entrepreneurs sur place;0;"Ordonnance du 26 juillet 2008 sur l hygiéne et le plan de sécurité dans la construction, les travaux publics ou les sites de travaux hydrauliques; Art. 13";4;Si une entreprise s est contractée pour effectuer des travaux de construction ou hydrauliques, sous-traitant d autres sociétés pour effectuer tout ou partie des tâches, il les a informés sur les noms et les adresses d autres sociétés sous-traitées.;* Document sur les noms et adresses des sociétés contractées;0;0;0;0;17/07/2026
Santé Sécurité;Entrepreneurs sur place;0;"Ordonnance du 26 juillet 2008 sur l hygiéne et le plan de sécurité dans la construction, les travaux publics ou les sites de travaux hydrauliques; Art. 16 et art. 17";5;L entreprise a contracté pour effectuer des travaux de construction / hydrauliques maintient sur place une copie du plan d hygiéne et de sécurité et la met à jour périodiquement.;* Copie du plan de sécurité et d hygiéne pour les projets de construction / hydrauliques;0;0;0;0;17/07/2026
Santé Sécurité;Activités de construction;0;"Ordonnance du 26 juillet 2008 sur la déclaration d ouverture des sites de travail de construction, publics et hydrauliques; Art. 2 et art. 3";6;Si l installation entreprend des activités de construction / hydrauliques, elle les déclare au Fonds national pour la sécurité sociale, 10 jours avant le début de ces travaux.;* Copie du début d une déclaration de chantier de construction;0;0;0;0;17/07/2026
Santé Sécurité;Activités de construction;0;"Ordonnance du 26 juillet 2008 sur l hygiéne et le plan de sécurité dans la construction, les travaux publics ou les sites de travaux hydrauliques; Art. 2 et art. 3 et art. 4 et art. 5";7;Si l installation contracte une entreprise pour effectuer des travaux de construction ou hydrauliques, il a reçu un plan de sécurité et d hygiéne avant le début des travaux.;* Copie du plan de sécurité et d hygiéne pour les projets de construction / hydrauliques;0;0;0;0;17/07/2026
Santé Sécurité;Activités de construction;0;"Ordonnance du 26 juillet 2008 sur l hygiéne et le plan de sécurité dans la construction, les travaux publics ou les sites de travaux hydrauliques; Art. 6";8;Si l installation lance une invitation aux appels d offres à effectuer des travaux de construction ou hydrauliques, il indique clairement que ces travaux sont soumis à la mise en place d un plan de sécurité et d hygiéne avant que tout travail puisse commencer.;* Invitation aux offres;0;0;0;0;17/07/2026
Santé Sécurité;Activités de construction;0;"Ordonnance du 26 juillet 2008 sur l hygiéne et le plan de sécurité dans la construction, les travaux publics ou les sites de travaux hydrauliques; Art. 9";9;Si l installation a l intention de réaliser des travaux de construction ou hydrauliques, il fournit à la société de construction sous contrat un document indiquant des mesures organisationnelles générales concernant les travaux prévus.;* Document indiquant des mesures organisationnelles générales concernant les travaux de construction / hydrauliques prévus.;0;0;0;0;17/07/2026
Santé Sécurité;Surveillance médicale;0;"Décret interministériel du 09 juin 1997 répertoriant les travaux où les employés sont trés exposés aux risques professionnels; Art. 2";1;Les travailleurs exposés à des risques professionnels élevés ont au moins un examen médical chaque semestre.;* Dossiers des contrôles médicaux biannaux des travailleurs exposés à des risques professionnels élevés;0;0;0;0;18/07/2026
Santé Sécurité;Surveillance médicale;0;"Décret exécutif 93-120 du 15 mai 1993 sur l organisation de la médecine professionnelle; Art. 3";2;L établissement a créé un service autonome pour la santé au travail.;nan;0;0;0;0;18/07/2026
Santé Sécurité;Surveillance médicale;0;"Décret exécutif 93-120 du 15 mai 1993 sur l organisation de la médecine professionnelle; Art. 4";3;Si l établissement n est pas obligé de créer un service autonome pour la santé au travail, il a créé ou rejoint un service de santé au travail inter-entreprises ou signé un accord ou un contrat distinct avec le secteur de la santé.;* Accord ou contrat avec le secteur de la santé pour des installations qui ne sont pas obligées de mettre en place un service autonome pour la santé au travail;0;0;0;0;18/07/2026
Santé Sécurité;Surveillance médicale;0;"Décret exécutif 93-120 du 15 mai 1993 sur l organisation de la médecine professionnelle; Art. 7";4;Si l établissement a opté pour la création d un service pour la santé au travail, il a obtenu une autorisation préalable du ministére de la Santé.;* Autorisation pour la création d un service pour la santé au travail.;0;0;0;0;18/07/2026
Santé Sécurité;Surveillance médicale;0;"Loi 88-07 du 26 janvier 1988 sur l hygiéne, la sécurité et les soins de santé au travail; Art. 17";5;Les travailleurs de l établissement subissent des examens médicaux lorsqu ils sont embauchés.;* Dossiers des examens médicaux;0;0;0;0;18/07/2026
Santé Sécurité;Surveillance médicale;0;"Décret exécutif 93-120 du 15 mai 1993 sur l organisation de la médecine professionnelle; Art. 15";6;Les travailleurs subissent des examens médicaux aussi souvent que nécessaire, selon la catégorie dans laquelle ils tombent.;* Dossiers des examens médicaux;0;0;0;0;18/07/2026
Santé Sécurité;Surveillance médicale;0;"Décret exécutif 93-120 du 15 mai 1993 sur l organisation de la médecine professionnelle; Art. 17";7;Les travailleurs de l établissement subissent des examens médicaux aprés être revenus d une période d absence, dans les cas énumérés à l article 17 du décret exécutif 93-120 du 15 mai 1993 sur l organisation de la santé au travail.;* Dossiers des examens médicaux;0;0;0;0;18/07/2026
Santé Sécurité;Surveillance médicale;0;"Décret exécutif 93-120 du 15 mai 1993 sur l organisation de la médecine professionnelle; Art. 21";8;Le service autonome de santé professionnelle de l établissement est impliqué dans les travaux de toutes les entités de l établissement pour des problémes liés à la santé et à la sécurité.;nan;0;0;0;0;18/07/2026
Santé Sécurité;Surveillance médicale;0;"Décret exécutif 93-120 du 15 mai 1993 sur l organisation de la médecine professionnelle; Art. 26";9;Le médecin nommé en santé et sécurité au travail dans l établissement a un accés sans restriction aux chambres et aux espaces consacrés aux travaux ainsi que ceux consacrés au repos et au bien-être des travailleurs;nan;0;0;0;0;18/07/2026
Santé Sécurité;Surveillance médicale;0;"Décret exécutif 05-08 du 08 janvier 2005 sur des prescriptions particuliéres applicables aux substances, matériaux et produits dangereux en milieu de travail; Art. 12";10;L établissement maintient et tient à jour un registre de l hygiéne, de la sécurité et de la santé au travail.;* Registre de l hygiéne, de la santé et de la santé au travail;0;0;0;0;18/07/2026
Santé Sécurité;Surveillance médicale;0;"Décret exécutif 93-120 du 15 mai 1993 sur l organisation de la médecine professionnelle; Art. 30";11;Si l installation organise des quarts de nuit, il assure la présence d auxiliaires médicaux pendant ces quarts de travail.;nan;0;0;0;0;18/07/2026
Santé Sécurité;Surveillance médicale;0;"Décret du 16 octobre 2001 établissant des normes relatives aux moyens humains, locaux et équipements des services de santé au travail; Art. 3";12;Si les examens médicaux sont effectués dans un service médical inter-entreprises, ou dans un service qui dépend de l établissement, le nombre minimum de personnel médical est un médecin, une infirmiére et un secrétaire médical.;nan;0;0;0;0;18/07/2026
Santé Sécurité;Surveillance médicale;0;"Décret du 16 octobre 2001 établissant des normes relatives aux moyens humains, locaux et équipements des services de santé au travail; Art. 5";13;Si l établissement emploie plus de 2000 travailleurs, une salle d observation médicale avec un lit est fournie.;nan;0;0;0;0;18/07/2026
Santé Sécurité;Surveillance médicale;0;"Décret du 16 octobre 2001 établissant des normes relatives aux moyens humains, locaux et équipements des services de santé au travail; Art. 6";14;Si les examens médicaux sont effectués dans un service médical inter-entreprises ou dans un service qui dépend de l établissement, le nombre minimum de salles médicales est une salle d examen, une salle pour les soins de santé, une salle d attente complémentaire, un secrétaire médical et une installation sanitaire qui est à côté d une salle d attente.;nan;0;0;0;0;18/07/2026
Santé Sécurité;Surveillance médicale;0;"Décret interministériel du 16 octobre 2001 sur le contenu, l établissement et l entretien des documents par le médecin sur le lieu de travail; Art. 6";15;Conformément à l examen médical effectué au stade d embauche d un travailleur, le médecin crée un document d aptitude pour les visites médicales où il déclare l aptitude du travailleur à effectuer le travail.;* Document d aptitude pour les visites médicales.;0;0;0;0;18/07/2026
Santé Sécurité;Dispositions des premiers soins;0;"Décret exécutif 93-120 du 15 mai 1993 sur l organisation de la médecine professionnelle; Art. 31";1;Il y a une boîte de premiers soins facilement accessible dans chaque zone de travail.;nan;0;0;0;0;18/07/2026
Santé Sécurité;Dispositions des premiers soins;0;"Décret exécutif 93-120 du 15 mai 1993 sur l organisation de la médecine professionnelle; Art. 31";2;La boîte de premiers soins est sous la responsabilité d un travailleur des premiers soins.;nan;0;0;0;0;18/07/2026
Santé Sécurité;Dispositions des premiers soins;0;"Décret exécutif 93-120 du 15 mai 1993 sur l organisation de la médecine professionnelle; Art. 31";3;La boîte des premiers soins contient des instructions claires pour les mesures des premiers soins.;nan;0;0;0;0;18/07/2026
Santé Sécurité;Dispositions des premiers soins;0;"Décret exécutif 93-120 du 15 mai 1993 sur l organisation de la médecine professionnelle; Art. 31";4;Dans les zones de travail où des travaux dangereux sont effectués, l un des nombreux travailleurs a reçu une formation de premiers soins.;nan;0;0;0;0;18/07/2026
Santé Sécurité;Formation des premiers secours;0;"Ordonnance du 16 octobre 2001 sur la mise en œuvre de l article 30 du décret exécutif 93-120 du 15 mai 1993 sur l Organisation des soins de santé au travail; Art. 2";5;Si l établissement a des travailleurs avec une exposition élevée, moyenne ou faible aux risques professionnels, il nomme les infirmiéres en fonction du nombre d employés et du niveau d exposition aux risques professionnels tels que définis dans l ordre du 16 octobre 2001 sur la mise en œuvre de l article 30 du décret exécutif 93-120 du 15 mai 1993 sur l organisation des soins de santé professionnelle.;nan;0;0;0;0;18/07/2026
Santé Sécurité;Formation des premiers secours;0;"Décret exécutif 02-427 du 07 décembre 2002 sur les conditions d organisation de l enseignement, de l information et de la formation des travailleurs sur la prévention des risques professionnels; Art. 19";6;Les employeurs s assurent que les travailleurs fournissant des mesures de premiers soins sont dispensés d une formation appropriée.;* Dossiers de formation des employés;0;0;0;0;18/07/2026
Santé Sécurité;Formation des premiers secours;0;"Ordonnance du 16 octobre 2001 sur la mise en œuvre de l article 30 du décret exécutif 93-120 du 15 mai 1993 sur l Organisation des soins de santé au travail; Art. 6";7;L employeur assure une formation réguliére des infirmiéres nommées dans l établissement.;nan;0;0;0;0;18/07/2026
Santé Sécurité;Enquête sur les accidents / maladies, la tenue des dossiers et les rapports;0;"Décret exécutif 93-120 du 15 mai 1993 sur l organisation de la médecine professionnelle; Art. 24";1;Le médecin nommé en santé et sécurité au travail par l établissement est informé de la nature et de la composition des produits utilisés dans l établissement, des méthodes d utilisation et des postes de travail où ils sont traités.;nan;0;0;0;0;18/07/2026
Santé Sécurité;Enquête sur les accidents / maladies, la tenue des dossiers et les rapports;0;"Décret exécutif 93-120 du 15 mai 1993 sur l organisation de la médecine professionnelle; Art. 24";2;Le médecin nommé en santé et sécurité au travail par l établissement est informé des nouveaux processus adoptés.;nan;0;0;0;0;18/07/2026
Santé Sécurité;Enquête sur les accidents / maladies, la tenue des dossiers et les rapports;0;"Décret exécutif 93-120 du 15 mai 1993 sur l organisation de la médecine professionnelle; Art. 24";3;Le médecin nommé en santé et sécurité au travail par l établissement est informé des résultats de toutes les analyses et mesures entrepris dans l établissement.;nan;0;0;0;0;18/07/2026
Santé Sécurité;Enquête sur les accidents / maladies, la tenue des dossiers et les rapports;0;"Décret exécutif 96-98 du 06 mars 1996 Déterminer la liste et le contenu des livres et des registres spéciaux à entretenir par l employeur; Art. 2";4;L établissement maintient un registre sur l hygiéne, la sécurité et la santé au travail.;* Registre de l hygiéne, de la santé et de la santé au travail;0;0;0;0;18/07/2026
Santé Sécurité;Enquête sur les accidents / maladies, la tenue des dossiers et les rapports;0;"Décret exécutif 93-120 du 15 mai 1993 sur l organisation de la médecine professionnelle; Art. 29";5;Le médecin nommé en santé et sécurité au travail par l établissement a établi et maintient les documents médicaux énumérés à l article 29 du décret exécutif 93-120 du 15 mai 1993 sur l Organisation de la santé au travail.;* Document d aptitude pour les visites médicales. * Inscrivez-vous à l activité quotidienne * Inscrivez-vous à l entrée, des examens médicaux périodiques et spontanés. * Inscrivez-vous aux maladies professionnelles. * Inscrivez-vous aux visites de salles de travail. * Registre des vaccinations professionnelles. * Inscrivez-vous spécifique aux postes de travail avec une forte exposition aux risques professionnels.;0;0;0;0;18/07/2026
Santé Sécurité;Enquête sur les accidents / maladies, la tenue des dossiers et les rapports;0;"Décret exécutif 93-120 du 15 mai 1993 sur l organisation de la médecine professionnelle; Art. 37";6;Le médecin nommé en santé et sécurité au travail par l établissement a établi un rapport détaillant l organisation et le fonctionnement des activités médicales entreprises dans l établissement.;* Signaler l organisation de détail et le fonctionnement des activités médicales entreprises dans l établissement.;0;0;0;0;18/07/2026
Santé Sécurité;Enquête sur les accidents / maladies, la tenue des dossiers et les rapports;0;"Décret interministériel du 16 octobre 2001 sur le contenu, l établissement et l entretien des documents par le médecin sur le lieu de travail; Art. 3";7;Le dossier médical individuel du travailleur conformément aux examens médicaux effectués au stade d embauche d un travailleur est maintenu et communiqué uniquement au médecin-inspecteur de cette région.;* Fichiers médicaux individuels des travailleurs;0;0;0;0;18/07/2026
Santé Sécurité;Enquête sur les accidents / maladies, la tenue des dossiers et les rapports;0;"Décret exécutif 93-120 du 15 mai 1993 sur l organisation de la médecine professionnelle; Art. 28";8;Le médecin nommé en santé et sécurité au travail par l établissement déclare toute maladie contagieuse et toutes les autres maladies qui peuvent avoir des origines professionnelles au service de santé compétent.;* Déclaration de maladies contagieuses et de toutes les autres maladies qui peuvent avoir des origines professionnelles.;0;0;0;0;11/07/2026
Santé Sécurité;Enquête sur les accidents / maladies, la tenue des dossiers et les rapports;0;"Loi 83-13 du 2 juillet 1983 sur les maladies et accidents professionnels; Art. 13";9;L employeur déclare des accidents professionnels impliquant un travailleur au service de sécurité sociale.;* Déclaration d accidents professionnels;0;0;0;0;11/07/2026
Santé Sécurité;Enquête sur les accidents / maladies, la tenue des dossiers et les rapports;0;"Décret exécutif 96-98 du 06 mars 1996 Déterminer la liste et le contenu des livres et des registres spéciaux à entretenir par l employeur; Art. 2";10;L installation maintient un registre des accidents professionnels.;* Registre des accidents professionnels;0;0;0;0;11/07/2026
Santé Sécurité;Enquête sur les accidents / maladies, la tenue des dossiers et les rapports;0;"Loi 83-13 du 2 juillet 1983 sur les maladies et accidents professionnels; Art. 69";11;Si l installation utilise des processus susceptibles d inciter les maladies professionnelles, elle les déclare aux services de sécurité sociale, à l inspecteur du travail et au directeur de la santé au gouverneur (Wilaya) ainsi qu aux autorités en charge de l hygiéne et de la sécurité.;* Déclaration de maladies contagieuses et de toutes les autres maladies qui peuvent avoir des origines professionnelles.;0;0;0;0;11/07/2026
Santé Sécurité;Exigences générales sur le lieu de travail;0;"Loi 88-07 du 26 janvier 1988 sur l hygiéne, la sécurité et les soins de santé au travail; Art. 4";1;La construction et les espaces consacrés au travail et à leur environnement, y compris les installations à la disposition des travailleurs, sont maintenus en bon état de propreté et d hygiéne nécessaire à la santé des travailleurs.;nan;0;0;0;0;11/07/2026
Santé Sécurité;Exigences générales sur le lieu de travail;0;"Décret exécutif 91-05 du 19 janvier 1991 sur les prescriptions générales de protection par rapport à l hygiéne et à la sécurité dans les lieux de travail; Art. 3";2;L installation nettoie périodiquement ses sols et le fait sans génération de poussiére.;nan;0;0;0;0;11/07/2026
Santé Sécurité;Exigences générales sur le lieu de travail;0;"Loi 88-07 du 26 janvier 1988 sur l hygiéne, la sécurité et les soins de santé au travail; Art. 5";3;L installation évite la randonnée dans les bâtiments et les postes de travail, y compris les annexes.;nan;0;0;0;0;10/07/2026
Santé Sécurité;Exigences générales sur le lieu de travail;0;"Décret exécutif 91-05 du 19 janvier 1991 sur les prescriptions générales de protection par rapport à l hygiéne et à la sécurité dans les lieux de travail; Art. 27";4;L installation garantit que les voies des piétons sont marquées de signaux.;nan;0;0;0;0;11/07/2026
Santé Sécurité;Exigences générales sur le lieu de travail;0;"Loi 88-07 du 26 janvier 1988 sur l hygiéne, la sécurité et les soins de santé au travail; Art. 5";5;Les bâtiments et les espaces de travail, y compris les annexes, sont dans un état qui ne menace pas la sécurité des travailleurs lors du fonctionnement des moteurs ou des machines, ni le transport et la manipulation.;nan;0;0;0;0;11/07/2026
Santé Sécurité;Exigences générales sur le lieu de travail;0;"Loi 88-07 du 26 janvier 1988 sur l hygiéne, la sécurité et les soins de santé au travail; Art. 5";6;Les bâtiments et les postes de travail des installations, y compris les annexes, sont sûrs pour les travailleurs.;nan;0;0;0;0;11/07/2026
Santé Sécurité;Exigences générales sur le lieu de travail;0;"Décret exécutif 91-05 du 19 janvier 1991 sur les prescriptions générales de protection par rapport à l hygiéne et à la sécurité dans les lieux de travail; Art. 30";7;Si l activité normale implique le trafic de camions ou d autres véhicules à des fins de transport et de manipulation, l installation établit des chemins consacrés à leur circulation.;nan;0;0;0;0;11/07/2026
Santé Sécurité;Exigences générales sur le lieu de travail;0;"Décret exécutif 91-05 du 19 janvier 1991 sur les prescriptions générales de protection par rapport à l hygiéne et à la sécurité dans les lieux de travail; Art. 27";8;Les chemins utilisés pour la circulation des camions, des chariots et des véhicules sont marqués de signaux pour atteindre un trafic sûr.;nan;0;0;0;0;17/07/2026
Santé Sécurité;Exigences générales sur le lieu de travail;0;"Décret exécutif 91-05 du 19 janvier 1991 sur les prescriptions générales de protection par rapport à l hygiéne et à la sécurité dans les lieux de travail; Art. 5";9;L installation prend des mesures de désinfection adéquates pour protéger contre les maladies contagieuses.;nan;0;0;0;0;17/07/2026
Santé Sécurité;Exigences générales sur le lieu de travail;0;"Loi 88-07 du 26 janvier 1988 sur l hygiéne, la sécurité et les soins de santé au travail; Art. 5";10;Les bâtiments et les espaces consacrés au travail, y compris les annexes, sont protégés contre les fumées, les gaz toxiques, le bruit et toutes les autres perturbations.;nan;0;0;0;0;17/07/2026
Santé Sécurité;Exigences générales sur le lieu de travail;0;"Décret exécutif 91-05 du 19 janvier 1991 sur les prescriptions générales de protection par rapport à l hygiéne et à la sécurité dans les lieux de travail; Art. 52";11;L installation garantit que les tissus, les chiffons et les papiers trempés dans des liquides inflammables sont stockés aprés une utilisation dans des conteneurs métalliques qui sont scellés, résistants à la fuite et tenus à l écart de toute source de chaleur.;nan;0;0;0;0;17/07/2026
Santé Sécurité;Exigences générales sur le lieu de travail;0;"Décret exécutif 91-05 du 19 janvier 1991 sur les prescriptions générales de protection par rapport à l hygiéne et à la sécurité dans les lieux de travail; Art. 28";12;Le plancher des chemins de circulation et les postes de travail sont bien nivelés.;nan;0;0;0;0;17/07/2026
Santé Sécurité;Exigences générales sur le lieu de travail;0;"Décret exécutif 91-05 du 19 janvier 1991 sur les prescriptions générales de protection par rapport à l hygiéne et à la sécurité dans les lieux de travail; Art. 29";13;Les chemins de circulation utilisés par les travailleurs et les employés sont maintenus sans obstruction.;nan;0;0;0;0;17/07/2026
Santé Sécurité;Exigences générales sur le lieu de travail;0;"Loi 88-07 du 26 janvier 1988 sur l hygiéne, la sécurité et les soins de santé au travail; Art. 5";14;L installation garantit que les bâtiments et les postes de travail, y compris les annexes, sont sans danger pour les travailleurs qui manipulent des matériaux, les matiéres dangereuses ou tout autre objet.;nan;0;0;0;0;17/07/2026
Santé Sécurité;Ventilation;0;"Décret exécutif 91-05 du 19 janvier 1991 sur les prescriptions générales de protection par rapport à l hygiéne et à la sécurité dans les lieux de travail; Art. 6";15;La ventilation des lieux de travail est assurée soit mécaniquement, naturellement de maniére permanente, soit par un mélange des deux systémes.;nan;0;0;0;0;17/07/2026
Santé Sécurité;Ventilation;0;"Décret exécutif 91-05 du 19 janvier 1991 sur les prescriptions générales de protection par rapport à l hygiéne et à la sécurité dans les lieux de travail; Art. 7";16;L employeur a installé un systéme de ventilation mécanique ou naturelle ou un systéme mixte dans tous les locaux situés sous terre.;nan;0;0;0;0;17/07/2026
Santé Sécurité;Ventilation;0;"Décret exécutif 91-05 du 19 janvier 1991 sur les prescriptions générales de protection par rapport à l hygiéne et à la sécurité dans les lieux de travail; Art. 7";17;L employeur a installé un systéme de ventilation mécanique ou naturelle ou un systéme mixte dans tous les locaux où les travaux sont menés dans des zones éloignées de la lumiére du soleil.;nan;0;0;0;0;17/07/2026
Santé Sécurité;Ventilation;0;"Décret exécutif 91-05 du 19 janvier 1991 sur les prescriptions générales de protection par rapport à l hygiéne et à la sécurité dans les lieux de travail; Art. 7";18;Dans les locaux situés sous terre et ceux où les travaux sont effectués loin de la lumiére du soleil, l air provient de sources sans pollution.;nan;0;0;0;0;17/07/2026
Santé Sécurité;Ventilation;0;"Décret exécutif 91-05 du 19 janvier 1991 sur les prescriptions générales de protection par rapport à l hygiéne et à la sécurité dans les lieux de travail; Art. 7";19;Dans les locaux situés sous terre et ceux où les travaux sont effectués loin du soleil, l air provient des sources loin des zones associées à un risque particulier de feu.;nan;0;0;0;0;17/07/2026
Santé Sécurité;Ventilation;0;"Décret exécutif 91-05 du 19 janvier 1991 sur les prescriptions générales de protection par rapport à l hygiéne et à la sécurité dans les lieux de travail; Art. 8";20;Il y a des ouvertures assurant la ventilation et l éclairage naturel dans les zones fermées.;nan;0;0;0;0;17/07/2026
Santé Sécurité;Ventilation;0;"Décret exécutif 91-05 du 19 janvier 1991 sur les prescriptions générales de protection par rapport à l hygiéne et à la sécurité dans les lieux de travail; Art. 10";21;Les tambours sont placés autour de dispositifs mécaniques qui générent de la poussiére pour capturer la poussiére générée.;nan;0;0;0;0;17/07/2026
Santé Sécurité;Ventilation;0;"Décret exécutif 91-05 du 19 janvier 1991 sur les prescriptions générales de protection par rapport à l hygiéne et à la sécurité dans les lieux de travail; Art. 14";22;Les gaz et les fumées générés par les machines chauffants pour la protection des travailleurs contre le froid et le mauvais temps sont évacués à l extérieur des lieux.;nan;0;0;0;0;17/07/2026
Santé Sécurité;Ventilation;0;"Décret exécutif 91-05 du 19 janvier 1991 sur les prescriptions générales de protection par rapport à l hygiéne et à la sécurité dans les lieux de travail; Art. 9";23;L atmosphére de travail est protégée contre les émissions contre les égouts, les tombes ou toute autre source d infection.;nan;0;0;0;0;17/07/2026
Santé Sécurité;Éclairage;0;"Décret exécutif 91-05 du 19 janvier 1991 sur les prescriptions générales de protection par rapport à l hygiéne et à la sécurité dans les lieux de travail; Art. 13";24;Les locaux, les stations de travail, les zones de circulation et les zones de manutention sont adéquatement éclairés.;nan;0;0;0;0;17/07/2026
Santé Sécurité;Dispositions sanitaires;0;"Décret exécutif 91-05 du 19 janvier 1991 sur les prescriptions générales de protection par rapport à l hygiéne et à la sécurité dans les lieux de travail; Art. 18";25;Il y a un nombre suffisant de toilettes dans l installation.;nan;0;0;0;0;17/07/2026
Santé Sécurité;Dispositions sanitaires;0;"Décret exécutif 91-05 du 19 janvier 1991 sur les prescriptions générales de protection par rapport à l hygiéne et à la sécurité dans les lieux de travail; Art. 18";26;Les sols et les murs des installations sanitaires sont construits en matériaux imperméables et peints de couleur claire.;nan;0;0;0;0;17/07/2026
Santé Sécurité;Dispositions sanitaires;0;"Loi 88-07 du 26 janvier 1988 sur l hygiéne, la sécurité et les soins de santé au travail; Art. 4";27;L installation garantit que les travailleurs reçoivent des installations sanitaires individuelles, notamment des douches, de l eau potable, des lavabos, des toilettes, etc.;nan;0;0;0;0;17/07/2026
Santé Sécurité;Dispositions sanitaires;0;"Décret exécutif 91-05 du 19 janvier 1991 sur les prescriptions générales de protection par rapport à l hygiéne et à la sécurité dans les lieux de travail; Art. 19";28;Il y a des vestiaires adéquats dans l installation.;nan;0;0;0;0;17/07/2026
Santé Sécurité;Dispositions sanitaires;0;"Décret exécutif 91-05 du 19 janvier 1991 sur les prescriptions générales de protection par rapport à l hygiéne et à la sécurité dans les lieux de travail; Art. 20";29;Il y a des éviers pour que les travailleurs se lavent les mains dans l installation.;nan;0;0;0;0;17/07/2026
Santé Sécurité;Dispositions sanitaires;0;"Décret exécutif 91-05 du 19 janvier 1991 sur les prescriptions générales de protection par rapport à l hygiéne et à la sécurité dans les lieux de travail; Art. 21";30;Il y a des douches à la disposition des travailleurs exposés à des conditions de travail impurs ou non hygiéniques, un risque de contamination et d intoxication.;nan;0;0;0;0;17/07/2026
Santé Sécurité;Dispositions sanitaires;0;"Décret exécutif 91-05 du 19 janvier 1991 sur les prescriptions générales de protection par rapport à l hygiéne et à la sécurité dans les lieux de travail; Art. 18";31;Les zones d assainissement doivent être équipées d ouvertures adéquates garantissant une ventilation naturelle.;nan;0;0;0;0;17/07/2026
Santé Sécurité;Eau potable;0;"Décret exécutif 91-05 du 19 janvier 1991 sur les prescriptions générales de protection par rapport à l hygiéne et à la sécurité dans les lieux de travail; Art. 24";32;Les travailleurs reçoivent de l eau potable.;nan;0;0;0;0;17/07/2026
Santé Sécurité;Zones de repos;0;"Décret exécutif 91-05 du 19 janvier 1991 sur les prescriptions générales de protection par rapport à l hygiéne et à la sécurité dans les lieux de travail; Art. 22";33;Si plus de 25 personnes ont leur repas dans l établissement, l employeur offre un endroit adéquat à manger.;nan;0;0;0;0;17/07/2026
Santé Sécurité;Zones de repos;0;"Décret exécutif 91-05 du 19 janvier 1991 sur les prescriptions générales de protection par rapport à l hygiéne et à la sécurité dans les lieux de travail; Art. 22";34;L employeur interdit aux travailleurs de manger leurs repas sur les postes de travail à moins que la nature de l activité ne comprenne l utilisation de substances ou de préparations dangereuses.;nan;0;0;0;0;17/07/2026
Santé Sécurité;Zones de repos;0;"Décret exécutif 91-05 du 19 janvier 1991 sur les prescriptions générales de protection par rapport à l hygiéne et à la sécurité dans les lieux de travail; Art. 23";35;L installation garantit que les locaux consacrés aux travailleurs du logement sont isolés des ateliers et protégés contre les nuisances et les perturbations.;nan;0;0;0;0;17/07/2026
Santé Sécurité;Traitement manuel des charges / prévention des blessures du dos;0;"Décret exécutif 91-05 du 19 janvier 1991 sur les prescriptions générales de protection par rapport à l hygiéne et à la sécurité dans les lieux de travail; Art. 26";1;L employeur garantit que les travailleurs ne transportent pas manuellement de charges supérieures à 50 kg pour les hommes et 25 kg pour les femmes.;nan;0;0;0;0;17/07/2026
Santé Sécurité;Agents chimiques;0;"Décret exécutif 91-05 du 19 janvier 1991 sur les prescriptions générales de protection par rapport à l hygiéne et à la sécurité dans les lieux de travail; Art. 11";1;L employeur garantit que les travailleurs travaillant dans des piéces associés à un risque élevé d exposition aux substances toxiques ne restent que la période minimale requise par la tâche et reçoivent une protection appropriée.;nan;0;0;0;0;17/07/2026
Santé Sécurité;Agents chimiques;0;"Décret exécutif 91-05 du 19 janvier 1991 sur les prescriptions générales de protection par rapport à l hygiéne et à la sécurité dans les lieux de travail; Art. 10";2;Les opérations comprenant le traitement des matiéres irritantes ou toxiques sont effectuées mécaniquement dans un dispositif fermé.;nan;0;0;0;0;17/07/2026
Santé Sécurité;Agents chimiques;0;"Décret exécutif 91-05 du 19 janvier 1991 sur les prescriptions générales de protection par rapport à l hygiéne et à la sécurité dans les lieux de travail; Art. 11";3;L installation garantit que les travaux associés à un risque élevé d exposition aux substances toxiques sont effectués dans des piéces consacrées à cette utilisation et équipées de dispositifs utilisés pour l extraction et le renouvellement de l air.;nan;0;0;0;0;18/07/2026
Santé Sécurité;Agents chimiques;0;"Décret exécutif 91-05 du 19 janvier 1991 sur les prescriptions générales de protection par rapport à l hygiéne et à la sécurité dans les lieux de travail; Art. 32";4;L installation offre aux travailleurs un équipement de protection approprié s ils sont impliqués dans la manipulation ou le décantation des substances susceptibles de provoquer des brûlures, y compris des brûlures chimiques.;nan;0;0;0;0;18/07/2026
Santé Sécurité;Bruit;0;"Décret exécutif 91-05 du 19 janvier 1991 sur les prescriptions générales de protection par rapport à l hygiéne et à la sécurité dans les lieux de travail; Art. 15";5;Les niveaux de bruit sont maintenus compatibles avec la santé des travailleurs.;* Enregistrements des résultats de surveillance du bruit professionnel;0;0;0;0;18/07/2026
Santé Sécurité;Agents biologiques;0;"Décret exécutif n ° 20-70 spécifiant des mesures supplémentaires pour la prévention et la lutte contre le coronavirus (Covid-19); Article 10; Article 11; Article 12";6;Si l entreprise n est pas impliquée dans le secteur de la santé et de la pharmaceutique et ne distribue pas le pétrole et d autres sources d énergie, elle a suspendu toutes ses activités.;nan;0;0;0;0;18/07/2026
Santé Sécurité;Agents biologiques;0;"Décret exécutif n ° 20-70 spécifiant des mesures supplémentaires pour la prévention et la lutte contre le coronavirus (Covid-19); Article 6";7;Si l entreprise est autorisée à poursuivre ses activités en fonction d une décision spéciale, elle offre à ses employés le permis exceptionnel pertinent.;nan;0;0;0;0;18/07/2026
Santé Sécurité;Agents biologiques;0;"Décret exécutif n ° 20-70 spécifiant des mesures supplémentaires pour la prévention et la lutte contre le coronavirus (Covid-19); Article 15";8;Si l entreprise est autorisée à poursuivre ses activités, elle doit fournir 50% de ses employés un congé payé exceptionnel.;nan;0;0;0;0;18/07/2026
Santé Sécurité;Agents biologiques;0;"Décret exécutif n ° 20-70 spécifiant des mesures supplémentaires pour la prévention et la lutte contre le coronavirus (Covid-19); Article 13";9;Si l entreprise autorise les employés sur le lieu de travail, il garantit qu ils portent des masques faciaux.;nan;0;0;0;0;18/07/2026
Santé Sécurité;Amiante;0;"Ordonnance interministérielle du 01 octobre 2003 sur la protection des travailleurs contre l inhalation des poussiéres d amiante; Art. 5";10;L employeur ne dépasse pas les niveaux autorisés de poussiéres d amiante dans l installation.;* Enregistrements des résultats de la surveillance des poussiéres d amiante;0;0;0;0;18/07/2026
Santé Sécurité;Amiante;0;"Ordonnance interministérielle du 01 octobre 2003 sur la protection des travailleurs contre l inhalation des poussiéres d amiante; Art. 23";11;Si l installation produit ou transforme des produits ou des matériaux contenant de l amiante, l employeur effectue une surveillance des émissions de poussiére d amiante au moins une fois par trimestre.;* Enregistrements pour la surveillance des émissions de poussiére de l amiante;0;0;0;0;18/07/2026
Santé Sécurité;Amiante;0;"Décret exécutif n ° 99-95 du 19 avril 1999 sur la prévention contre les dangers de l amiante; Art. 5";12;L exposition des travailleurs à l amiante est aussi faible que possible.;nan;0;0;0;0;18/07/2026
Santé Sécurité;Amiante;0;"Ordonnance interministérielle du 01 octobre 2003 sur la protection des travailleurs contre l inhalation des poussiéres d amiante; Art. 7";13;Si l installation méne des activités susceptibles d exposer les travailleurs à la poussiére d amiante, il organise des séances de formation pour les travailleurs nouvellement embauchés sur l hygiéne, la sécurité et la prévention, et notamment l utilisation d équipements de protection personnelle et les inconvénients du tabagisme.;* Dossiers de formation des employés * Document de formation pour les travailleurs exposés à la poussiére d amiante;0;0;0;0;18/07/2026
Santé Sécurité;Amiante;0;"Ordonnance interministérielle du 01 octobre 2003 sur la protection des travailleurs contre l inhalation des poussiéres d amiante; Art. 9";14;Si l installation méne des activités susceptibles d exposer les travailleurs à la poussiére d amiante, il garantit aux travailleurs ne pas manger, ne pas boire ou fumer dans les zones associées à un risque d inhalation d amiante.;nan;0;0;0;0;18/07/2026
Santé Sécurité;Amiante;0;"Ordonnance interministérielle du 01 octobre 2003 sur la protection des travailleurs contre l inhalation des poussiéres d amiante; Art. 10";15;L employeur fournit des douches aux travailleurs qui effectuent des tâches qui les exposent aux poussiéres d amiante.;nan;0;0;0;0;18/07/2026
Santé Sécurité;Amiante;0;"Ordonnance interministérielle du 01 octobre 2003 sur la protection des travailleurs contre l inhalation des poussiéres d amiante; Art. 13";16;Les travailleurs de moins de 18 ans et les travailleurs embauchés à court terme ne sont pas impliqués dans des tâches entraînant l inhalation de poussiéres d amiante.;nan;0;0;0;0;18/07/2026
Santé Sécurité;Amiante;0;"Ordonnance interministérielle du 01 octobre 2003 sur la protection des travailleurs contre l inhalation des poussiéres d amiante; Art. 23";17;L employeur effectue une nouvelle surveillance des émissions de poussiére d amiante si une modification de l installation ou des conditions de production est susceptible d avoir un impact sur l émission des poussiéres d amiante.;* Enregistrements pour la surveillance des émissions de poussiére de l amiante;0;0;0;0;18/07/2026
Santé Sécurité;Amiante;0;"Ordonnance interministérielle du 01 octobre 2003 sur la protection des travailleurs contre l inhalation des poussiéres d amiante; Art. 17";18;L employeur s assure qu aucun travailleur n est affecté à une tâche impliquant l inhalation de poussiére d amiante à moins que le travailleur ne dispose d un document d aptitude valide du médecin.;* Document d aptitude médicale * Rapport médical initial;0;0;0;0;18/07/2026
Santé Sécurité;Amiante;0;"Ordonnance interministérielle du 01 octobre 2003 sur la protection des travailleurs contre l inhalation des poussiéres d amiante; Art. 15";19;L équipement de protection individuelle est effectivement utilisé par les travailleurs exposés à la poussiére d amiante.;nan;0;0;0;0;18/07/2026
Santé Sécurité;Amiante;0;"Ordonnance interministérielle du 01 octobre 2003 sur la protection des travailleurs contre l inhalation des poussiéres d amiante; Art. 15";20;L équipement de protection individuelle contre la poussiére d amiante est vérifié et correctement entretenu.;* Contrôles et enregistrements de maintenance de l équipement de protection contre la poussiére d amiante;0;0;0;0;18/07/2026
Santé Sécurité;Amiante;0;"Ordonnance interministérielle du 01 octobre 2003 sur la protection des travailleurs contre l inhalation des poussiéres d amiante; Art. 18";21;L employeur s assure que le dossier médical pour chaque travailleur exposé aux poussiéres contient des informations concernant les expositions accidentelles et les résultats des examens médicaux effectués.;* Preuve de dossier médical pour chaque travailleur exposé à la poussiére d amiante;0;0;0;0;18/07/2026
Santé Sécurité;Amiante;0;"Ordonnance interministérielle du 01 octobre 2003 sur la protection des travailleurs contre l inhalation des poussiéres d amiante; Art. 6";22;L installation place un avis d information dans chaque poste de travail où des activités sont menées qui sont susceptibles d exposer les travailleurs aux poussiéres d amiante.;nan;0;0;0;0;18/07/2026
Santé Sécurité;Amiante;0;"Ordonnance interministérielle du 01 octobre 2003 sur la protection des travailleurs contre l inhalation des poussiéres d amiante; Art. 6";23;L avis d information publié dans la station de travail susceptible d exposer les travailleurs aux poussiéres d amiante est transmis au médecin nommé pour la santé et la sécurité dans l établissement.;nan;0;0;0;0;18/07/2026
Santé Sécurité;Amiante;0;"Ordonnance interministérielle du 01 octobre 2003 sur la protection des travailleurs contre l inhalation des poussiéres d amiante; Art. 16";24;L employeur conserve une liste de travailleurs exposés à l inhalation de poussiéres d amiante, à la nature de leurs tâches respectives ainsi qu à la durée de l exposition.;* Liste des travailleurs exposés à l inhalation de poussiéres d amiante;0;0;0;0;18/07/2026
Santé Sécurité;Amiante;0;"Ordonnance interministérielle du 01 octobre 2003 sur la protection des travailleurs contre l inhalation des poussiéres d amiante; Art. 3";25;Si l établissement exerce des activités susceptibles d exposer les travailleurs à la poussiére d amiante, il déclare de telles activités à l inspection du travail et au service de sécurité sociale ainsi qu à l inspecteur médical de l administration de la santé et de la population dans le gouvernement (Wilaya).;"* Notification envoyée à l inspection du travail, à l organisme de sécurité sociale et au médecin-inspecteur de l administration de la santé et de la population dans le gouvernorat ""Wilaya"".";0;0;0;0;18/07/2026
Santé Sécurité;Amiante;0;"Ordonnance interministérielle du 01 octobre 2003 sur la protection des travailleurs contre l inhalation des poussiéres d amiante; Art. 4";26;Si l installation méne des activités susceptibles d exposer les travailleurs à la poussiére d amiante, il évalue une évaluation des risques pour déterminer la nature et la quantité des fibres ainsi que la durée et le degré d exposition des travailleurs.;* Évaluation de l évaluation des risques pour les activités susceptibles d exposer les travailleurs aux poussiéres d amiante;0;0;0;0;18/07/2026
Santé Sécurité;Amiante;0;"Ordonnance interministérielle du 01 octobre 2003 sur la protection des travailleurs contre l inhalation des poussiéres d amiante; Art. 15";27;Il ne peut pas mettre en place un systéme de protection collective contre les poussiéres d amiante ou si la protection collective est inefficace, l installation fournit aux travailleurs exposés à la poussiére d amiante avec un équipement de protection individuelle adéquat.;nan;0;0;0;0;18/07/2026
Santé Sécurité;Amiante;0;"Ordonnance interministérielle du 01 octobre 2003 sur la protection des travailleurs contre l inhalation des poussiéres d amiante; Art. 24";28;L employeur conteste un laboratoire autorisé à effectuer une surveillance des émissions de poussiére d amiante au moins une fois par an afin de se conformer aux niveaux autorisés de poussiéres d amiante dans l établissement.;* Enregistrements des résultats de la surveillance des poussiéres d amiante;0;0;0;0;18/07/2026
Santé Sécurité;Amiante;0;"Ordonnance interministérielle du 01 octobre 2003 sur la protection des travailleurs contre l inhalation des poussiéres d amiante; Art. 7";29;Si l installation méne des activités susceptibles d exposer les travailleurs à la poussiére d amiante, pour les travailleurs nouvellement embauchés, il organise des séances d information sur les dangers susceptibles d affecter la santé, y compris des facteurs d amélioration des risques tels que le tabagisme.;* Dossiers de formation des employés;0;0;0;0;18/07/2026
Santé Sécurité;Amiante;0;"Décret exécutif n ° 99-95 du 19 avril 1999 sur la prévention contre les dangers de l amiante; Art. 5";30;Les locaux utilisés pour la transformation ou le traitement de l amiante sont réguliérement nettoyés et entretenus.;nan;0;0;0;0;18/07/2026
Santé Sécurité;Amiante;0;"Ordonnance interministérielle du 01 octobre 2003 sur la protection des travailleurs contre l inhalation des poussiéres d amiante; Art. 4";31;Les résultats de l évaluation des risques pour déterminer la nature et la quantité des fibres ainsi que la durée et le degré d exposition des travailleurs ont été transmis au médecin nommé pour la santé et la sécurité dans l établissement et aux membres de la Commission bipartite pour l hygiéne et la sécurité ou à la personne responsable de l hygiéne et de la sécurité, et sont disponibles pour l inspection de la main-d œuvre et les services de sécurité sociale.;* Évaluation de l évaluation des risques pour les activités susceptibles d exposer les travailleurs aux poussiéres d amiante;0;0;0;0;18/07/2026
Santé Sécurité;Amiante;0;"Ordonnance interministérielle du 01 octobre 2003 sur la protection des travailleurs contre l inhalation des poussiéres d amiante; Art. 16";32;La liste des travailleurs exposés à l inhalation de la poussiére d amiante a été transmise au médecin nommé à la santé et à la sécurité dans l établissement.;* Preuve de la soumission au médecin de la liste des travailleurs exposés à la poussiére d amiante;0;0;0;0;11/07/2026
Santé Sécurité;Rayonnement ionisant;0;"Décret présidentiel 05-117 du 11 avril 2005 sur la protection des travailleurs contre les radiations ionisantes.; Art. 28 et art. 29";1;Si l entreprise a des travailleurs exposés à des rayonnements ionisants, elle garantit que ses travailleurs sont protégés contre l exposition externe aux radiations ionisantes et contre la contamination radioactive.;nan;0;0;0;0;11/07/2026
Santé Sécurité;Rayonnement ionisant;0;"Décret présidentiel 05-117 du 11 avril 2005 sur la protection des travailleurs contre les radiations ionisantes.; Art. 13 et art. 16";2;Si l installation gére, utilise ou stocke des sources radioactives (scellées ou non) ou des générateurs électriques de rayonnement ionisant, il a désigné un professionnel qualifié compétent en radioprotection, détenant un certificat valide.;* Certificat de compétence dans le traitement des sources de rayonnement ionisant * Preuve de la nomination du professionnel qualifié;0;0;0;0;11/07/2026
Santé Sécurité;Rayonnement ionisant;0;"Décret présidentiel 05-117 du 11 avril 2005 sur la protection des travailleurs contre les radiations ionisantes.; Art. 14";3;Le gestionnaire a établi et met réguliérement à jour un registre sur les caractéristiques et l historique des sources radioactives et des appareils émettant des rayonnements ionisants.;* Inscrivez-vous sur des sources et des appareils radioactifs émettant un rayonnement ionisant;0;0;0;0;11/07/2026
Santé Sécurité;Rayonnement ionisant;0;"Décret présidentiel 05-117 du 11 avril 2005 sur la protection des travailleurs contre les radiations ionisantes.; Art. 15";4;Si l installation gére des sources ou des dispositifs radioactifs émettant des rayonnements ionisants, il a informé et fourni des formations à ses travailleurs en radioprotection.;* Dossiers de formation des employés;0;0;0;0;11/07/2026
Santé Sécurité;Rayonnement ionisant;0;"Décret présidentiel 05-117 du 11 avril 2005 sur la protection des travailleurs contre les radiations ionisantes.; Art. 18";5;L employeur garantit que l exposition professionnelle des rayonnements ionisants de tous les travailleurs ne dépasse pas les limites de l exposition fixées par la loi.;* Enregistrements de la surveillance de l exposition aux rayonnements ionisants;0;0;0;0;11/07/2026
Santé Sécurité;Rayonnement ionisant;0;"Décret présidentiel 05-117 du 11 avril 2005 sur la protection des travailleurs contre les radiations ionisantes.; Art. 19";6;L employeur classe les travailleurs exposés à des rayonnements ionisants chez les travailleurs de classe A ou de classe B, selon leur niveau d exposition potentiel.;* Enregistrements de la surveillance de l exposition aux rayonnements ionisants;0;0;0;0;10/07/2026
Santé Sécurité;Rayonnement ionisant;0;"Décret présidentiel 05-117 du 11 avril 2005 sur la protection des travailleurs contre les radiations ionisantes.; Art. 24";7;Les installations qui incluent / s appuient sur l utilisation de sources de rayonnement ionisant sont équipées d un dispositif de protection radiologique.;nan;0;0;0;0;11/07/2026
Santé Sécurité;Rayonnement ionisant;0;"Décret présidentiel 05-117 du 11 avril 2005 sur la protection des travailleurs contre les radiations ionisantes.; Art. 26 et art. 27";8;Le gestionnaire de l installation a identifié des zones contrôlées et des zones supervisées autour de la source de rayonnement ionisante avant de mettre en service la source.;* Carte de l installation identifiant les zones contrôlées et supervisées;0;0;0;0;11/07/2026
Santé Sécurité;Rayonnement ionisant;0;"Décret présidentiel 05-117 du 11 avril 2005 sur la protection des travailleurs contre les radiations ionisantes.; Art. 27 Ordonnance interministérielle du 20 janvier 2011 régulant la signalisation spécifique dans les zones régulées contenant des sources de rayonnement ionisantes; Art. 3";9;Les zones contrôlées et supervisées sont marquées de maniére appropriée.;nan;0;0;0;0;11/07/2026
Santé Sécurité;Rayonnement ionisant;0;"Décret exécutif 91-05 du 19 janvier 1991 sur les prescriptions générales de protection par rapport à l hygiéne et à la sécurité dans les lieux de travail; Art. 62";10;Les sources et les dispositifs radioactifs émettaient les rayonnements ionisants sont vérifiés et maintenus réguliérement par des personnes correctement qualifiées et désignées.;* Enregistrements des dispositifs émettant des rayonnements ionisants;0;0;0;0;11/07/2026
Santé Sécurité;Rayonnement ionisant;0;"Décret présidentiel 05-117 du 11 avril 2005 sur la protection des travailleurs contre les radiations ionisantes.; Art. 30";11;Le gestionnaire des installations organise une dosimétrie individuelle pour chaque travailleur travaillant dans une zone contrôlée.;* Enregistrements des résultats de dosimétrie individuels;0;0;0;0;17/07/2026
Santé Sécurité;Rayonnement ionisant;0;"Décret présidentiel 05-117 du 11 avril 2005 sur la protection des travailleurs contre les radiations ionisantes.; Art. 30";12;Les résultats de la dosimétrie individuelle effectuée sur les travailleurs travaillant dans des zones contrôlées sont enregistrés dans les dossiers médicaux individuels des travailleurs concernés.;* Dossiers médicaux individuels montrant les résultats de la dosimétrie;0;0;0;0;17/07/2026
Santé Sécurité;Rayonnement ionisant;0;"Décret présidentiel 05-117 du 11 avril 2005 sur la protection des travailleurs contre les radiations ionisantes.; Art. 35";13;Si l installation a des travailleurs de classe A exposés ou susceptibles d être exposés à des rayonnements ionisants supérieurs à 3/10 de la limite de dose annuelle, il garantit qu ils subissent une supervision médicale spécifique.;* Fichier médical pour les travailleurs de classe A;0;0;0;0;17/07/2026
Santé Sécurité;Rayonnement ionisant;0;"Décret présidentiel 05-117 du 11 avril 2005 sur la protection des travailleurs contre les radiations ionisantes.; Art. 41 Ordonner au ministre de la Ministére de la Santé, de la population et de la réforme hospitaliére du 10 novembre 2015 concernant la supervision médicale sur les travailleurs exposés à des radiations ionisantes; Art. 7 Annexe";14;Le médecin professionnel a établi un dossier médical spécifique pour chaque travailleur de classe A.;* Fichier médical pour les travailleurs de classe A;0;0;0;0;17/07/2026
Santé Sécurité;Rayonnement ionisant;0;"Décret présidentiel 05-117 du 11 avril 2005 sur la protection des travailleurs contre les radiations ionisantes.; Art. 49";15;L installation garantit que les dispositifs de surveillance radiologiques sont maintenus et testés, et sont re-calibrés au moins une fois par an.;* Records sur le maintien des dispositifs de surveillance radiologiques;0;0;0;0;17/07/2026
Santé Sécurité;Rayonnement ionisant;0;"Décret présidentiel 05-117 du 11 avril 2005 sur la protection des travailleurs contre les radiations ionisantes.; Art. 45";16;L installation garantit que les prémisses dans lesquelles des sources radioactives peuvent être trouvées sont équipées d un systéme de clôture clé et ont des affichages de signalisation réglementaires.;nan;0;0;0;0;17/07/2026
Santé Sécurité;Rayonnement ionisant;0;"Décret présidentiel 05-117 du 11 avril 2005 sur la protection des travailleurs contre les radiations ionisantes.; Art. 50 et art. 51";17;L installation garantit que les substances radioactives sont stockées dans des conteneurs appropriés et ne sont accessibles qu aux personnes nommées par le directeur.;* Liste des personnes nommées par le responsable des installations pour accéder aux zones de stockage des substances radioactives;0;0;0;0;17/07/2026
Santé Sécurité;Rayonnement ionisant;0;"Décret présidentiel 05-117 du 11 avril 2005 sur la protection des travailleurs contre les radiations ionisantes.; Art. 57 et art. 58 et art. 59";18;Si l installation utilise des sources radioactives, elle entreprend toutes les opérations de surveillance requises.;nan;0;0;0;0;17/07/2026
Santé Sécurité;Rayonnement ionisant;0;"Décret exécutif 91-05 du 19 janvier 1991 sur les prescriptions générales de protection par rapport à l hygiéne et à la sécurité dans les lieux de travail; Art. 26";19;La zone supervisée a été périodiquement vérifiée, délimitée de maniére appropriée et a fourni des panneaux réglementant l accés à lui.;nan;0;0;0;0;17/07/2026
Santé Sécurité;Rayonnement ionisant;0;"Décret exécutif 91-05 du 19 janvier 1991 sur les prescriptions générales de protection par rapport à l hygiéne et à la sécurité dans les lieux de travail; Art. 27";20;L installation garantit que les zones supervisées et contrôlées sont délimitées;nan;0;0;0;0;17/07/2026
Santé Sécurité;Rayonnement ionisant;0;"Ordonnance interministérielle du 20 janvier 2011 sur l utilisation du dosimétre individuel; Art. 3";21;Les employeurs s assurent que l exposition de chaque travailleur au rayonnement ionisant dans les zones contrôlées est mesurée à l aide d un dosimétre individuel.;* Dossiers médicaux individuels montrant les résultats de la dosimétrie;0;0;0;0;17/07/2026
Santé Sécurité;Rayonnement ionisant;0;"Ordonnance interministérielle du 20 janvier 2011 sur l utilisation du dosimétre individuel; Art. 5";22;Si l installation a des travailleurs exposés aux rayons X, aux rayons gamma, aux neutrons, aux faisceaux de particules chargés et à l énergie bêta de plus de 100 kiloelectrons volts (KEV), l employeur garantit que des dosimétres individuels externes sont utilisés pour mesurer le niveau d exposition de ces travailleurs à l ionisant des rayonnements.;* Enregistrements de dosimétres individuels externes;0;0;0;0;17/07/2026
Santé Sécurité;Rayonnement ionisant;0;"Ordonner au ministre de la Ministére de la Santé, de la population et de la réforme hospitaliére du 10 novembre 2015 concernant la supervision médicale sur les travailleurs exposés à des radiations ionisantes; Art. 3";23;Si l installation affecte les travailleurs à des postes qui les exposent à des rayonnements ionisants, il a obtenu l attestation du médecin de travail sur leur aptitude à prendre de tels emplois.;* Des preuves sur l attestation du médecin du travail sur la capacité des travailleurs à exercer des tâches les exposant à des rayonnements ionisants;0;0;0;0;17/07/2026
Santé Sécurité;Rayonnement ionisant;0;"Décret présidentiel 05-117 du 11 avril 2005 sur la protection des travailleurs contre les radiations ionisantes.; Art. 18 Art. 19 Ordonner au ministre de la Ministére de la Santé, de la population et de la réforme hospitaliére du 10 novembre 2015 concernant la supervision médicale sur les travailleurs exposés à des radiations ionisantes; Art. 4; Art. 8; Art. 10, 11 et 12";24;Si l installation a des travailleurs exposés à des rayonnements ionisants, il garantit qu ils subissent des tests médicaux réguliers.;* Dossiers des examens médicaux;0;0;0;0;17/07/2026
Santé Sécurité;Rayonnement ionisant;0;"Ordonner au ministre de la Ministére de la Santé, de la population et de la réforme hospitaliére du 10 novembre 2015 concernant la supervision médicale sur les travailleurs exposés à des radiations ionisantes; Art. 7";25;Si l installation a des travailleurs exposés à des rayonnements ionisants, il maintient leurs dossiers médicaux à jour avec les résultats des derniers tests médicaux effectués sur eux.;* Fichiers médicaux individuels des travailleurs;0;0;0;0;17/07/2026
Santé Sécurité;Rayonnement ionisant;0;"Ordonner au ministre de la Ministére de la Santé, de la population et de la réforme hospitaliére du 10 novembre 2015 concernant la supervision médicale sur les travailleurs exposés à des radiations ionisantes; Art. 6";26;Si l installation emploie des travailleurs à des postes qui les exposent à des rayonnements ionisants, il garantit que ces travailleurs sont informés des dangers associés à l exposition aux radiations ionisantes et à la nécessité de suivre les examens médicaux réguliers et la mesure de protection adoptée dans l établissement aprés chaque examen médical qu ils entreprennent.;* Des preuves indiquant la communication des informations sur les dangers associés à l exposition à un rayonnement ionisant aux travailleurs exposés à ces radiations;0;0;0;0;17/07/2026
Santé Sécurité;Rayonnement ionisant;0;"Ordonner au ministre de la Ministére de la Santé, de la population et de la réforme hospitaliére du 10 novembre 2015 concernant la supervision médicale sur les travailleurs exposés à des radiations ionisantes; Art. 13";27;Si l établissement a l intention d employer des travailleurs à des postes qui les exposent à des rayonnements ionisants, il garantit qu ils subissent des examens médicaux supplémentaires avant de commencer leur travail.;* Fichiers médicaux individuels des travailleurs;0;0;0;0;17/07/2026
Santé Sécurité;Rayonnement ionisant;0;"Décret présidentiel 05-117 du 11 avril 2005 sur la protection des travailleurs contre les radiations ionisantes.; Art. 18 Ordonner au ministre de la Ministére de la Santé, de la population et de la réforme hospitaliére du 10 novembre 2015 concernant la supervision médicale sur les travailleurs exposés à des radiations ionisantes; Art. 15";28;L installation garantit que le médecin du travail effectue des tests médicaux sur les travailleurs exposés et leur fournit le traitement nécessaire aprés la survenue d un accident industriel qui conduit à une exposition excessive aux rayonnements ionisants.;nan;0;0;0;0;17/07/2026
Santé Sécurité;Rayonnement ionisant;0;"Décret présidentiel 05-117 du 11 avril 2005 sur la protection des travailleurs contre les radiations ionisantes.; Art. 18 Ordonner au ministre de la Ministére de la Santé, de la population et de la réforme hospitaliére du 10 novembre 2015 concernant la supervision médicale sur les travailleurs exposés à des radiations ionisantes; Art. 19";29;Si l établissement souffrait d un accident industriel conduisant à une exposition excessive à des rayonnements ionisants, il garantit que le médecin du travail et l expert en radioprotection mettent une enquête sur les causes d un tel accident.;* Records sur les enquêtes menées aprés la survenue d accidents industriels conduisant à l exposition excessive à des rayonnements ionisants;0;0;0;0;17/07/2026
Santé Sécurité;Rayonnement ionisant;0;"Décret présidentiel 05-117 du 11 avril 2005 sur la protection des travailleurs contre les radiations ionisantes.; Art. 18 Ordonner au ministre de la Ministére de la Santé, de la population et de la réforme hospitaliére du 10 novembre 2015 concernant la supervision médicale sur les travailleurs exposés à des radiations ionisantes; Art. 19";30;Si un accident industriel s est produit dans l établissement et a conduit à une exposition excessive des travailleurs aux rayonnements ionisants, il élimine les raisons qui provoquent un tel accident aprés avoir mené les enquêtes appropriées.;* Records sur les enquêtes menées aprés la survenue d accidents industriels conduisant à l exposition excessive à des rayonnements ionisants;0;0;0;0;17/07/2026
Santé Sécurité;Rayonnement ionisant;0;"Ordonnance interministérielle du 20 janvier 2011 régulant la signalisation spécifique dans les zones régulées contenant des sources de rayonnement ionisantes; Article 3";31;Si l entreprise entreprend des activités dans des zones réglementées, elle nomme un agent de la radio-protection pour effectuer la signalisation des zones réglementées.;nan;0;0;0;0;17/07/2026
Santé Sécurité;Sécurité des machines et des équipements de travail;0;"Décret exécutif 91-05 du 19 janvier 1991 sur les prescriptions générales de protection par rapport à l hygiéne et à la sécurité dans les lieux de travail; Art. 38";1;L accés aux salles des machines est strictement limité aux travailleurs autorisés uniquement.;nan;0;0;0;0;17/07/2026
Santé Sécurité;Sécurité des machines et des équipements de travail;0;"Décret exécutif 91-05 du 19 janvier 1991 sur les prescriptions générales de protection par rapport à l hygiéne et à la sécurité dans les lieux de travail; Art. 39";2;Le panneau de commande des commutateurs électriques fonctionnant les machines est à la portée des opérateurs.;nan;0;0;0;0;17/07/2026
Santé Sécurité;Sécurité des machines et des équipements de travail;0;"Décret exécutif 91-05 du 19 janvier 1991 sur les prescriptions générales de protection par rapport à l hygiéne et à la sécurité dans les lieux de travail; Art. 39";3;Le personnel de supervision a à sa disposition les moyens techniques d arrêter directement les machines ou de demander à leur arrêt.;nan;0;0;0;0;17/07/2026
Santé Sécurité;Sécurité des machines et des équipements de travail;0;"Décret exécutif 91-05 du 19 janvier 1991 sur les prescriptions générales de protection par rapport à l hygiéne et à la sécurité dans les lieux de travail; Art. 40";4;Les machines et les appareils utilisés pour les opérations ou la maintenance sont exécutés et utilisés de maniére à protéger les travailleurs contre les piéces dangereuses ou mobiles.;nan;0;0;0;0;17/07/2026
Santé Sécurité;Sécurité des machines et des équipements de travail;0;"Décret exécutif 91-05 du 19 janvier 1991 sur les prescriptions générales de protection par rapport à l hygiéne et à la sécurité dans les lieux de travail; Art. 40";5;Les travailleurs travaillant à proximité des machines et des appareils ayant des piéces dangereuses ou mobiles usurent des vêtements ajustés et sans écoulement.;nan;0;0;0;0;17/07/2026
Santé Sécurité;Sécurité des machines et des équipements de travail;0;"Décret exécutif 91-05 du 19 janvier 1991 sur les prescriptions générales de protection par rapport à l hygiéne et à la sécurité dans les lieux de travail; Art. 41";6;Sous une utilisation normale, les machines sont gardées de maniére à protéger les travailleurs contre les parties dangereuses des machines et des appareils ou des mécanismes mobiles.;nan;0;0;0;0;17/07/2026
Santé Sécurité;Sécurité des machines et des équipements de travail;0;"Décret exécutif 91-05 du 19 janvier 1991 sur les prescriptions générales de protection par rapport à l hygiéne et à la sécurité dans les lieux de travail; Art. 43";7;Le panneau de commande des machines avec des cylindres ou des rouleaux est contrôlable par l un des travailleurs travaillant sur les cylindres.;nan;0;0;0;0;17/07/2026
Santé Sécurité;Sécurité des machines et des équipements de travail;0;"Décret exécutif 91-05 du 19 janvier 1991 sur les prescriptions générales de protection par rapport à l hygiéne et à la sécurité dans les lieux de travail; Art. 66";8;Les travailleurs ne sont pas affectés à la réparation, à maintenir ou à vérifier les systémes de transmission, les machines ou les mécanismes avec des piéces mobiles pendant leur utilisation.;nan;0;0;0;0;17/07/2026
Santé Sécurité;Sécurité des machines et des équipements de travail;0;"Décret exécutif 91-05 du 19 janvier 1991 sur les prescriptions générales de protection par rapport à l hygiéne et à la sécurité dans les lieux de travail; Art. 43";9;Les machines avec cylindres ou rouleaux qui n ont pas de systéme automatique pour inverser le mouvement sont équipées d un systéme mécanique qui permet une inversion manuelle du mouvement des cylindres.;nan;0;0;0;0;17/07/2026
Santé Sécurité;Sécurité des machines et des équipements de travail;0;"Décret exécutif 91-05 du 19 janvier 1991 sur les prescriptions générales de protection par rapport à l hygiéne et à la sécurité dans les lieux de travail; Art. 44";10;Les presses (hydrauliques ou mécaniques) sont équipées de dispositifs de sécurité adéquats pour éviter tout contact, voire involontaire, des mains des travailleurs avec la partie qui fonctionne de la machine.;nan;0;0;0;0;17/07/2026
Santé Sécurité;Sécurité des machines et des équipements de travail;0;"Décret exécutif 91-05 du 19 janvier 1991 sur les prescriptions générales de protection par rapport à l hygiéne et à la sécurité dans les lieux de travail; Art. 63";11;Les machines et les appareils présentant un risque particulier sont vérifiés, inspectés et réguliérement entretenus par les travailleurs.;* Records d inspection pour les machines et les appareils présentant un risque particulier;0;0;0;0;18/07/2026
Santé Sécurité;Sécurité des machines et des équipements de travail;0;"Décret exécutif 91-05 du 19 janvier 1991 sur les prescriptions générales de protection par rapport à l hygiéne et à la sécurité dans les lieux de travail; Art. 64";12;Les résultats des visites, vérifications et contrôles sur les machines, les systémes et les appareils sont enregistrés sur un registre entretenu à cette fin.;* Registre des vérifications techniques de l équipement et des installations;0;0;0;0;18/07/2026
Santé Sécurité;Sécurité des machines et des équipements de travail;0;"Décret exécutif 91-05 du 19 janvier 1991 sur les prescriptions générales de protection par rapport à l hygiéne et à la sécurité dans les lieux de travail; Art. 66";13;Les travailleurs ne sont pas affectés au nettoyage, au séchage, à l essuyage, à la dégraissage ou à la mise à la main à la main sur les machines, les mécanismes ou les systémes de transmission pendant leur utilisation.;nan;0;0;0;0;18/07/2026
Santé Sécurité;Verrouiller / étiqueter;0;"Décret exécutif 91-05 du 19 janvier 1991 sur les prescriptions générales de protection par rapport à l hygiéne et à la sécurité dans les lieux de travail; Art. 43";1;Le panneau de commande des machines est situé de maniére à être facilement activé dans un mouvement facile par le travailleur en fonction de la machine.;nan;0;0;0;0;18/07/2026
Santé Sécurité;Verrouiller / étiqueter;0;"Décert exécutif 01-342 du 28 octobre 2001 sur des dispositions spécifiques pour la protection des travailleurs contre les risques électriques sur le lieu de travail; Art. 16";2;Il existe un appareil pour désactiver l alimentation en cas d urgence sur chaque systéme électrique directement lié à la machine utilisée ou à la source de courant électrique.;nan;0;0;0;0;18/07/2026
Santé Sécurité;Verrouiller / étiqueter;0;"Décret exécutif 91-05 du 19 janvier 1991 sur les prescriptions générales de protection par rapport à l hygiéne et à la sécurité dans les lieux de travail; Art. 39";3;Toutes les machines ou dispositifs sont installés et maintenus de maniére à être isolés de leurs sources d énergie.;nan;0;0;0;0;18/07/2026
Santé Sécurité;Espaces confinés;0;"Décret exécutif 91-05 du 19 janvier 1991 sur les prescriptions générales de protection par rapport à l hygiéne et à la sécurité dans les lieux de travail; Art. 12";1;Des mesures appropriées sont prises pour réduire les risques avant que le travail commence dans un espace confiné.;nan;0;0;0;0;18/07/2026
Santé Sécurité;Espaces confinés;0;"Décret exécutif 91-05 du 19 janvier 1991 sur les prescriptions générales de protection par rapport à l hygiéne et à la sécurité dans les lieux de travail; Art. 12";2;Les travailleurs travaillant dans des espaces confinés sont protégés par des dispositifs de sécurité adéquats au type de risque auquel ils sont exposés.;nan;0;0;0;0;18/07/2026
Santé Sécurité;Espaces confinés;0;"Décret exécutif 91-05 du 19 janvier 1991 sur les prescriptions générales de protection par rapport à l hygiéne et à la sécurité dans les lieux de travail; Art. 12";3;Aucun travailleur travaillant dans un espace confiné n est laissé seul sans surveillance.;nan;0;0;0;0;18/07/2026
Santé Sécurité;Équipement de levage, équipement de manutention des matériaux;0;"Décret exécutif 91-05 du 19 janvier 1991 sur les prescriptions générales de protection par rapport à l hygiéne et à la sécurité dans les lieux de travail; Art. 26";1;Les travailleurs reçoivent un équipement de levage, de manutention et de transport pour gérer des charges dépassant 50 kilogrammes pour les travailleurs masculins ou 25 kilogrammes pour les femmes ou les jeunes travailleurs.;nan;0;0;0;0;18/07/2026
Santé Sécurité;Équipement de levage, équipement de manutention des matériaux;0;"Décret exécutif 91-05 du 19 janvier 1991 sur les prescriptions générales de protection par rapport à l hygiéne et à la sécurité dans les lieux de travail; Art. 62";2;Les inspections et l entretien des équipements de manutention et de levage ne sont effectués que par du personnel compétent désigné par l employeur.;nan;0;0;0;0;18/07/2026
Santé Sécurité;Équipement de levage, équipement de manutention des matériaux;0;"Décret exécutif 91-05 du 19 janvier 1991 sur les prescriptions générales de protection par rapport à l hygiéne et à la sécurité dans les lieux de travail; Art. 62";3;L équipement de levage et de manutention des matériaux est inspecté et maintenu réguliérement.;* Records d inspection pour l équipement de levage et de manutention des matériaux;0;0;0;0;18/07/2026
Santé Sécurité;Protection d automne / travail à des hauteurs;0;"Décret exécutif 91-05 du 19 janvier 1991 sur les prescriptions générales de protection par rapport à l hygiéne et à la sécurité dans les lieux de travail; Art. 34";1;Les réservoirs et les bassins sont équipés de clôtures ou de murs protégeant les travailleurs de la chute.;nan;0;0;0;0;18/07/2026
Santé Sécurité;Protection d automne / travail à des hauteurs;0;"Décret exécutif 91-05 du 19 janvier 1991 sur les prescriptions générales de protection par rapport à l hygiéne et à la sécurité dans les lieux de travail; Art. 33";2;Les plates-formes, les planchers, les passerelles, l échafaudage et leurs points d accés sur les lieux de travail sont protégés par des clôtures rigides.;nan;0;0;0;0;18/07/2026
Santé Sécurité;Protection d automne / travail à des hauteurs;0;"Décret exécutif 91-05 du 19 janvier 1991 sur les prescriptions générales de protection par rapport à l hygiéne et à la sécurité dans les lieux de travail; Art. 34";3;Les fosses, les ouvertures dans le sol et les piéges sont protégées par des clôtures correctement marquées.;nan;0;0;0;0;18/07/2026
Santé Sécurité;Protection d automne / travail à des hauteurs;0;"Décret exécutif 91-05 du 19 janvier 1991 sur les prescriptions générales de protection par rapport à l hygiéne et à la sécurité dans les lieux de travail; Art. 36";4;Les échelles sont robustes et fabriquées à partir de matériaux rigides.;nan;0;0;0;0;18/07/2026
Santé Sécurité;Protection d automne / travail à des hauteurs;0;"Décret exécutif 91-05 du 19 janvier 1991 sur les prescriptions générales de protection par rapport à l hygiéne et à la sécurité dans les lieux de travail; Art. 36";5;Les travailleurs ne transportent pas d objets dont le poids dépasse 50 kilogrammes ou les objets volumineux sur les échelles.;nan;0;0;0;0;18/07/2026
Santé Sécurité;Protection d automne / travail à des hauteurs;0;"Décret exécutif 91-05 du 19 janvier 1991 sur les prescriptions générales de protection par rapport à l hygiéne et à la sécurité dans les lieux de travail; Art. 34";6;Les escaliers des réservoirs sont équipés de bancardises.;nan;0;0;0;0;18/07/2026
Santé Sécurité;Navires / systémes sous pression;0;"Décret exécutif n ° 90-245 du 18 août 1990 réglementant les navires de pression de gaz; Art. 7";1;L identité du fabricant, l emplacement et l année de fabrication, le numéro de série, le volume interne, la pression maximale et l état principal d utilisation de l appareil sont écrits sur chaque récipient de pression fourni en gaz.;nan;0;0;0;0;18/07/2026
Santé Sécurité;Navires / systémes sous pression;0;"Décret exécutif n ° 90-245 du 18 août 1990 réglementant les navires de pression de gaz; Art. 9, 14 Décret exécutif 90-246 du 18 août 1990 réglementant les navires de pression fournis en vapeur; Art. 31 et art. 35";2;Sauf exonéré sur la base du type de récipients sous pression, l installation a obtenu un certificat qui certifie que ses récipients de pression fournis avec du gaz ou de la vapeur ont été vérifiés afin d autoriser leur test de pression hydraulique, si un tel test est requis.;* Certificat de vérification des navires de pression de gaz ou de vapeur;0;0;0;0;18/07/2026
Santé Sécurité;Navires / systémes sous pression;0;"Décret exécutif n ° 90-245 du 18 août 1990 réglementant les navires de pression de gaz; Art. 11, 13 Décret exécutif 90-246 du 18 août 1990 réglementant les navires de pression fournis en vapeur; Art. 30 et art. 33 et art. 34";3;L installation garantit que ses récipients sous pression fournis avec du gaz ou de la vapeur ont subi un test de pression hydraulique avant d être mis en service, puis réguliérement.;* Rapport sur le test de pression hydraulique;0;0;0;0;18/07/2026
Santé Sécurité;Navires / systémes sous pression;0;"Décret exécutif n ° 90-245 du 18 août 1990 réglementant les navires de pression de gaz; Art. 17";4;L installation a soumis une déclaration sur la mise en service de ses navires sous pression fournis avec du gaz au ministre de l Énergie et de Mining.;* Déclaration sur la mise en service des navires sous pression fournis en gaz;0;0;0;0;18/07/2026
Santé Sécurité;Navires / systémes sous pression;0;"Décret exécutif n ° 90-245 du 18 août 1990 réglementant les navires de pression de gaz; Art. 18 Décret exécutif 90-246 du 18 août 1990 réglementant les navires de pression fournis en vapeur; Art. 48";5;L opérateur a établi et met réguliérement à jour un registre de maintenance pour chacun de ses navires sous pression fournis soit en gaz ou en vapeur.;* Registre de maintenance des navires à pression de gaz ou de vapeur;0;0;0;0;18/07/2026
Santé Sécurité;Navires / systémes sous pression;0;"Décret exécutif n ° 90-245 du 18 août 1990 réglementant les navires de pression de gaz; Art. 19";6;L installation garantit qu une vérification approfondie de ses navires sous pression fournies en gaz est entreprise au moins tous les trois ans.;* Records de vérification des récipients sous pression fournis en gaz;0;0;0;0;18/07/2026
Santé Sécurité;Navires / systémes sous pression;0;"Décret exécutif n ° 90-245 du 18 août 1990 réglementant les navires de pression de gaz; Art. 21";7;En cas de ventilation d un récipient sous pression fourni avec du gaz ou de la vapeur, l opérateur a informé le ministére de l Énergie et de l extraction sans délai.;nan;0;0;0;0;18/07/2026
Santé Sécurité;Navires / systémes sous pression;0;"Décret exécutif 90-246 du 18 août 1990 réglementant les navires de pression fournis en vapeur; Art. 9 à 28";8;Les récipients sous pression fournis en vapeur sont conformes aux exigences techniques de conception énoncées dans les articles 9 à 28 du décret exécutif 90-246 du 18 août 1990 Regulate des navires de pression fournis avec vapeur.;* Manuels d instructions pour les récipients sous pression fournis avec vapeur;0;0;0;0;18/07/2026
Santé Sécurité;Navires / systémes sous pression;0;"Décret exécutif 90-246 du 18 août 1990 réglementant les navires de pression fournis en vapeur; Art. 20, 28";9;Chaque récipient sous pression fourni avec de la vapeur est équipé d une plaque qui affiche l identité du fabricant, l emplacement et l année de fabrication, le numéro de série et la marque d essai de pression de la chaudiére.;nan;0;0;0;0;18/07/2026
Santé Sécurité;Navires / systémes sous pression;0;"Décret exécutif 90-246 du 18 août 1990 réglementant les navires de pression fournis en vapeur; Art. 50";10;L installation a obtenu une autorisation du gouverneur (WALI) pour chaque navire sous pression fourni avec de la vapeur avant de le mettre en service, pour des installations subissant une modification importante ou un emplacement changeant.;* Autorisation pour le navire de pression de vapeur;0;0;0;0;18/07/2026
Santé Sécurité;Navires / systémes sous pression;0;"Décret exécutif 90-246 du 18 août 1990 réglementant les navires de pression fournis en vapeur; Art. 39";11;Une distance d au moins dix métres sépare les navires sous pression de classe 1 fournis avec vapeur des maisons d habitation et des bâtiments recevant le public.;nan;0;0;0;0;18/07/2026
Santé Sécurité;Navires / systémes sous pression;0;"Décret exécutif 90-246 du 18 août 1990 réglementant les navires de pression fournis en vapeur; Art. 45";12;L installation garantit que des vérifications approfondies de ses récipients sous pression fournies en vapeur sont entrepris au moins tous les 18 mois.;* Copie du rapport contenant les résultats des vérifications approfondies des navires de pression fournis avec vapeur;0;0;0;0;11/07/2026
Santé Sécurité;Navires / systémes sous pression;0;"Décret exécutif 90-246 du 18 août 1990 réglementant les navires de pression fournis en vapeur; Art. 47";13;L installation a envoyé une copie du rapport contenant les résultats des vérifications approfondies de ses récipients sous pression fournis avec vapeur au ministére de l Énergie et de la Mine.;* Records de vérification des récipients sous pression fournis en gaz;0;0;0;0;11/07/2026
Santé Sécurité;Sécurité électrique;0;"Décret exécutif 91-05 du 19 janvier 1991 sur les prescriptions générales de protection par rapport à l hygiéne et à la sécurité dans les lieux de travail; Art. 62";1;Les installations électriques sont vérifiées, contrôlées et maintenues réguliérement par des personnes compétentes.;* Records des vérifications et des inspections;0;0;0;0;11/07/2026
Santé Sécurité;Sécurité électrique;0;"Décert exécutif 01-342 du 28 octobre 2001 sur des dispositions spécifiques pour la protection des travailleurs contre les risques électriques sur le lieu de travail; Art. 71";2;Les documents relatifs aux installations électriques sont mis à la disposition de l inspecteur du travail.;* Rapports sur la vérification de l état des installations électriques et des points de non-conformité à la législation. * Inscrivez-vous où sont enregistrés la date et la nature des vérifications ou des contrôles sur les installations électriques ainsi que les noms et qualifications des personnes qui les ont effectuées. * Carte schématique des locaux ou du poste de travail soumis à des prescriptions spéciales par rapport aux installations électriques. * Carte des installations électriques enterrées. * Preuve documentaire des travaux et des modifications effectuées pour compenser la défectussage des installations électriques.;0;0;0;0;11/07/2026
Santé Sécurité;Sécurité électrique;0;"Décert exécutif 01-342 du 28 octobre 2001 sur des dispositions spécifiques pour la protection des travailleurs contre les risques électriques sur le lieu de travail; Art. 23";3;Une installation de sécurité électrique est installée, utilisée et entretenue en bon état de fonctionnement.;nan;0;0;0;0;17/07/2026
Santé Sécurité;Sécurité électrique;0;"Décert exécutif 01-342 du 28 octobre 2001 sur des dispositions spécifiques pour la protection des travailleurs contre les risques électriques sur le lieu de travail; Art. 24";4;Dans les locaux et les postes de travail, les piéces électriques actives sont mises hors de portée des travailleurs.;nan;0;0;0;0;17/07/2026
Santé Sécurité;Sécurité électrique;0;"Décert exécutif 01-342 du 28 octobre 2001 sur des dispositions spécifiques pour la protection des travailleurs contre les risques électriques sur le lieu de travail; Art. 35";5;L employeur spécifie et délimite clairement que les locaux et les postes de travail sont consacrés à la production, à la conversion ou à la distribution de l électricité et qui sont les locaux et les postes de travail où la présence ou les piéces actives accessibles résulte d une nécessité technique, et autorise leur entrée uniquement aux personnes informées des risques électriques et autorisés par l employeur à y travailler.;* Carte schématique des locaux ou du poste de travail soumis à des prescriptions spéciales par rapport aux installations électriques.;0;0;0;0;17/07/2026
Santé Sécurité;Sécurité électrique;0;"Décert exécutif 01-342 du 28 octobre 2001 sur des dispositions spécifiques pour la protection des travailleurs contre les risques électriques sur le lieu de travail; Art. 37";6;Il y a des panneaux pointant vers les dangers ou interdisant l entrée de personnes non autorisées dans des locaux et des postes de travail où des machines ou des installations comprenant des piéces actives non protégées sont utilisées.;nan;0;0;0;0;17/07/2026
Santé Sécurité;Sécurité électrique;0;"Décert exécutif 01-342 du 28 octobre 2001 sur des dispositions spécifiques pour la protection des travailleurs contre les risques électriques sur le lieu de travail; Art. 37";7;Dans les locaux ou les postes de travail contenant des parties actives non protégées de la haute tension A domaine ou du domaine B haute tension, les portes sont verrouillées de l extérieur.;nan;0;0;0;0;17/07/2026
Santé Sécurité;Sécurité électrique;0;"Décert exécutif 01-342 du 28 octobre 2001 sur des dispositions spécifiques pour la protection des travailleurs contre les risques électriques sur le lieu de travail; Art. 69";8;Les installations électriques sont vérifiées lorsqu ils sont mis en service, et aprés tout changement de leur structure, puis périodiquement par la suite par une personne nommée.;* Rapports sur la vérification de l état des installations électriques et des points de non-conformité à la législation.;0;0;0;0;17/07/2026
Santé Sécurité;Équipement de protection personnelle;0;"Loi 88-07 du 26 janvier 1988 sur l hygiéne, la sécurité et les soins de santé au travail; Art. 6";1;Les travailleurs sont équipés de l équipement de protection individuelle nécessaire.;nan;0;0;0;0;17/07/2026
Santé Sécurité;Équipement de protection personnelle;0;"Décret exécutif 91-05 du 19 janvier 1991 sur les prescriptions générales de protection par rapport à l hygiéne et à la sécurité dans les lieux de travail; Art. 16";2;Si les niveaux de bruit ne peuvent pas être correctement contrôlés, l employeur fournit aux travailleurs un équipement individuel approprié pour les protéger contre le bruit.;nan;0;0;0;0;17/07/2026
Santé Sécurité;Équipement de protection personnelle;0;"Décret exécutif 91-05 du 19 janvier 1991 sur les prescriptions générales de protection par rapport à l hygiéne et à la sécurité dans les lieux de travail; Art. 16";3;L employeur maintient des équipements personnels pour la protection contre le bruit dans un bon état de fonctionnement.;nan;0;0;0;0;17/07/2026
Santé Sécurité;Équipement de protection personnelle;0;"Décret exécutif 91-05 du 19 janvier 1991 sur les prescriptions générales de protection par rapport à l hygiéne et à la sécurité dans les lieux de travail; Art. 17";4;L employeur fournit aux travailleurs exposés à une température basse ou élevée avec des équipements de protection personnelle.;nan;0;0;0;0;17/07/2026
Santé Sécurité;Équipement de protection personnelle;0;"Décret exécutif 91-05 du 19 janvier 1991 sur les prescriptions générales de protection par rapport à l hygiéne et à la sécurité dans les lieux de travail; Art. 62";5;L installation garantit que l équipement de protection collectif et individuel est vérifié, contrôlé et entretenu réguliérement par des personnes qualifiées désignées par l employeur.;nan;0;0;0;0;17/07/2026
Santé Sécurité;Atmosphéres potentiellement explosives;0;"Décret exécutif 91-05 du 19 janvier 1991 sur les prescriptions générales de protection par rapport à l hygiéne et à la sécurité dans les lieux de travail; Art. 48";1;"Les locaux où les matériaux inflammables sont stockés et manipulés ne sont allumés qu avec des lampes électriques protégées par un double boîtier étanche à l air ou par des lampes externes dans des raccords en verre (""Sous verre dormante"").";nan;0;0;0;0;17/07/2026
Santé Sécurité;Atmosphéres potentiellement explosives;0;"Décret exécutif 91-05 du 19 janvier 1991 sur les prescriptions générales de protection par rapport à l hygiéne et à la sécurité dans les lieux de travail; Art. 49";2;Dans les zones à haut risque d explosion, les installations électriques sont réduites au minimum nécessaire pour les opérations.;nan;0;0;0;0;17/07/2026
Santé Sécurité;Atmosphéres potentiellement explosives;0;"Décret exécutif 91-05 du 19 janvier 1991 sur les prescriptions générales de protection par rapport à l hygiéne et à la sécurité dans les lieux de travail; Art. 49";3;Dans les zones à haut risque d explosion, les installations électriques ne comprennent aucune source d étincelles ou de surchauffe susceptible de provoquer un incendie ou une explosion.;nan;0;0;0;0;17/07/2026
Santé Sécurité;Atmosphéres potentiellement explosives;0;"Décret exécutif 91-05 du 19 janvier 1991 sur les prescriptions générales de protection par rapport à l hygiéne et à la sécurité dans les lieux de travail; Art. 53";4;Dans les zones où les matériaux inflammables du deuxiéme groupe sont manipulés, produits, traités ou stockés des canalisations et les installations électriques sont équipées de systémes pour empêcher leur contact avec ces matériaux.;nan;0;0;0;0;17/07/2026
Santé Sécurité;Atmosphéres potentiellement explosives;0;"Décret exécutif 91-05 du 19 janvier 1991 sur les prescriptions générales de protection par rapport à l hygiéne et à la sécurité dans les lieux de travail; Art. 53";5;Dans les zones où les matériaux inflammables du deuxiéme groupe sont manipulés, produits, traités ou stockés, les installations et les dispositifs électriques sont réduits au minimum nécessaire pour l alimentation et le contrôle de l électricité des machines qui y sont utilisées.;nan;0;0;0;0;17/07/2026
Santé Sécurité;Atmosphéres potentiellement explosives;0;"Décret exécutif 91-05 du 19 janvier 1991 sur les prescriptions générales de protection par rapport à l hygiéne et à la sécurité dans les lieux de travail; Art. 53";6;Dans les zones où les matériaux inflammables du deuxiéme groupe sont manipulés, produits, traités ou stockés les conducteurs, ainsi que les dispositifs conducteurs sont protégés et ne sont pas nus.;nan;0;0;0;0;17/07/2026
Santé Sécurité;Sécurité des conducteurs;0;"Décret exécutif 91-05 du 19 janvier 1991 sur les prescriptions générales de protection par rapport à l hygiéne et à la sécurité dans les lieux de travail; Art. 30";1;L employeur désigne un ou plusieurs travailleurs pour aider le conducteur d une manœuvre de camions, en particulier pour l inversion, dans des conditions de mauvaise visibilité.;nan;0;0;0;0;17/07/2026
Santé Sécurité;Sécurité des conducteurs;0;"Ordonnance du 15 juin 2015 établissant les vitesses maximales pour les véhicules transportant des personnes et des marchandises plus lourdes que 3,5 tonnes, y compris leur cargaison; Art. 10";2;Si l entreprise exploite des véhicules de transport plus lourds que 3,5 tonnes lorsqu ils sont chargés, il affiche 3 cercles blancs de 20 centimétres (cm) de diamétre contenant les limites de vitesse pour ces véhicules sur les autoroutes, des routes autres que les autoroutes en dehors des zones urbaines et dans les zones urbaines.;nan;0;0;0;0;17/07/2026
Situation d urgence;Prévention des incendies;0;"Loi 88-07 du 26 janvier 1988 sur l hygiéne, la sécurité et les soins de santé au travail; Art. 5";1;Les bâtiments et les lieux de travail, y compris les annexes, sont protégés contre les incendies et les explosions.;nan;0;0;0;0;17/07/2026
Situation d urgence;Prévention des incendies;0;"Décret exécutif 91-05 du 19 janvier 1991 sur les prescriptions générales de protection par rapport à l hygiéne et à la sécurité dans les lieux de travail; Art. 46";2;Les locaux et les postes de travail associés aux risques d incendie en raison d une utilisation permanente de matériaux et de substances hautement inflammables sont isolés.;nan;0;0;0;0;17/07/2026
Situation d urgence;Prévention des incendies;0;"Décret exécutif 91-05 du 19 janvier 1991 sur les prescriptions générales de protection par rapport à l hygiéne et à la sécurité dans les lieux de travail; Art. 50";3;Les zones où les matériaux inflammables du groupe 1 sont manipulés ou utilisés sont exempts de sources de flammes, d appareils ou de piéces susceptibles d être chauffées.;nan;0;0;0;0;17/07/2026
Situation d urgence;Prévention des incendies;0;"Décret exécutif 91-05 du 19 janvier 1991 sur les prescriptions générales de protection par rapport à l hygiéne et à la sécurité dans les lieux de travail; Art. 50";4;Le tabagisme est interdit dans les zones où les matériaux inflammables du groupe 1 sont manipulés ou utilisés, et les travailleurs sont informés de cette restriction.;nan;0;0;0;0;17/07/2026
Situation d urgence;Prévention des incendies;0;"Décret exécutif 91-05 du 19 janvier 1991 sur les prescriptions générales de protection par rapport à l hygiéne et à la sécurité dans les lieux de travail; Art. 51";5;Dans les bâtiments ou les locaux où les manipulations inflammables du groupe 1 sont manipulées ou utilisées, les travailleurs ne laissent pas de liquides inflammables en quantités dépassant leur utilisation quotidienne.;nan;0;0;0;0;17/07/2026
Situation d urgence;Prévention des incendies;0;"Décret exécutif 91-05 du 19 janvier 1991 sur les prescriptions générales de protection par rapport à l hygiéne et à la sécurité dans les lieux de travail; Art. 51";6;Les liquides inflammables ne sont placés que dans des récipients à l épreuve des fuites, et s ils sont en verre, ils sont résistants aux chocs.;nan;0;0;0;0;17/07/2026
Situation d urgence;Prévention des incendies;0;"Décret exécutif 91-05 du 19 janvier 1991 sur les prescriptions générales de protection par rapport à l hygiéne et à la sécurité dans les lieux de travail; Art. 53";7;Dans les zones où les matériaux inflammables du groupe 2 sont gérés, produits, traités ou stockés, le câblage électrique et l équipement sont équipés de dispositifs pour empêcher le contact et la surchauffe de ces matériaux.;nan;0;0;0;0;17/07/2026
Situation d urgence;Prévention des incendies;0;"Décret exécutif 91-05 du 19 janvier 1991 sur les prescriptions générales de protection par rapport à l hygiéne et à la sécurité dans les lieux de travail; Art. 53";8;Les dispositifs dont le fonctionnement provoque des étincelles ou des incandescence ne sont pas utilisés dans des zones où les matériaux inflammables du groupe 2 sont manipulés, produits, traités ou stockés.;nan;0;0;0;0;17/07/2026
Situation d urgence;Prévention des incendies;0;"Décret exécutif 91-05 du 19 janvier 1991 sur les prescriptions générales de protection par rapport à l hygiéne et à la sécurité dans les lieux de travail; Art. 60";9;La liste des exercices et des exercices d incendie ainsi que les observations sur les exercices de lutte contre les incendies et l utilisation d équipements de premiers soins sont indiqués dans la Commission d hygiéne et de sécurité des délibérations.;* Commission d hygiéne et de sécurité Registre des délibérations;0;0;0;0;17/07/2026
Situation d urgence;Prévention des incendies;0;"Décret exécutif 91-05 du 19 janvier 1991 sur les prescriptions générales de protection par rapport à l hygiéne et à la sécurité dans les lieux de travail; Art. 50";10;Les dispositifs dont le fonctionnement provoque des étincelles ou des incandescence ne sont pas utilisés dans les zones où les matériaux inflammables du groupe 1 sont manipulés.;nan;0;0;0;0;17/07/2026
Situation d urgence;Prévention des incendies;0;"Décret n ° 76-35 daté du 20 février 1976 fixant les régles de sécurité contre les incendies et la panique dans les immeubles de grande hauteur; Art. 7";11;Si l installation exploite un immeuble de grande hauteur, il est conforme aux exigences de prévention des incendies énumérées en vertu de l article 7 du décret n ° 76-35 du 20 février 1976, fixant les régles de sécurité contre les incendies et la panique dans les grands bâtiments.;nan;0;0;0;0;17/07/2026
Situation d urgence;Prévention des incendies;0;"Décret n ° 76-35 daté du 20 février 1976 fixant les régles de sécurité contre les incendies et la panique dans les immeubles de grande hauteur; Art. 7 (4)";12;Si l installation exploite un immeuble de grande hauteur, il garantit qu un systéme d alarme incendie approprié et un équipement de lutte contre les incendies sont mis à disposition en cas d incendie.;nan;0;0;0;0;17/07/2026
Situation d urgence;Prévention des incendies;0;"Décret n ° 76-35 daté du 20 février 1976 fixant les régles de sécurité contre les incendies et la panique dans les immeubles de grande hauteur; Art. 23";13;Si l installation exploite un immeuble de grande hauteur, il garantit que le bâtiment est enregistré auprés du Département de la Défense civile avant l occupation du bâtiment.;* Records de l enregistrement du bâtiment auprés du Département de la Défense civile;0;0;0;0;18/07/2026
Situation d urgence;Prévention des incendies;0;"Décret n ° 76-35 daté du 20 février 1976 fixant les régles de sécurité contre les incendies et la panique dans les immeubles de grande hauteur; Art. 7 (1)";14;Si l installation exploite un immeuble de grande hauteur, il garantit que les bâtiments sont divisés d une maniére qui empêche la propagation du feu et doit être faite de matériaux non inflammables.;nan;0;0;0;0;18/07/2026
Situation d urgence;Prévention des incendies;0;"Loi n ° 19-02 pour les régles générales pour la prévention des risques d incendie et de panique; Article 4; Article 5";15;Si l entreprise posséde, exploite ou a l intention de construire des bâtiments ou des tours élevés accessibles par le public, il effectue une surveillance périodique sur l équipement de détection d incendie, l équipement de contrôle de la fumée et la ventilation.;nan;0;0;0;0;18/07/2026
Situation d urgence;Prévention des incendies;0;"Loi n ° 19-02 pour les régles générales pour la prévention des risques d incendie et de panique; Article 9";16;Si l entreprise posséde, exploite ou a l intention de construire des bâtiments ou des tours élevés accessibles par le public, il installe des équipements résistants au feu et des éléments de construction spécifiques qui sont classés en fonction de la façon dont ils réagissent au feu;nan;0;0;0;0;18/07/2026
Situation d urgence;Évacuation;0;"Décret exécutif 91-05 du 19 janvier 1991 sur les prescriptions générales de protection par rapport à l hygiéne et à la sécurité dans les lieux de travail; Art. 52";17;Dans les zones où les matériaux inflammables du premier ou du deuxiéme groupe sont manipulés ou utilisés, les postes de travail sont placés à une distance minimale de 10 métres de toute sortie.;nan;0;0;0;0;18/07/2026
Situation d urgence;Évacuation;0;"Décret exécutif 91-05 du 19 janvier 1991 sur les prescriptions générales de protection par rapport à l hygiéne et à la sécurité dans les lieux de travail; Art. 54";18;Il y a des sorties suffisantes des locaux et des bâtiments situés de maniére à assurer une évacuation rapide des travailleurs en cas d incendie.;nan;0;0;0;0;18/07/2026
Situation d urgence;Évacuation;0;"Décret exécutif 91-05 du 19 janvier 1991 sur les prescriptions générales de protection par rapport à l hygiéne et à la sécurité dans les lieux de travail; Art. 55";19;Les sorties des locaux et des bâtiments sont marquées de signaux visibles le jour et la nuit.;nan;0;0;0;0;18/07/2026
Situation d urgence;Évacuation;0;"Décret exécutif 91-05 du 19 janvier 1991 sur les prescriptions générales de protection par rapport à l hygiéne et à la sécurité dans les lieux de travail; Art. 55";20;Les sorties qui ne sont généralement pas utilisées comme passages sont marquées par le panneau «sortie d urgence» écrite en caractéres visibles et clairs.;nan;0;0;0;0;18/07/2026
Situation d urgence;Évacuation;0;"Décret exécutif 91-05 du 19 janvier 1991 sur les prescriptions générales de protection par rapport à l hygiéne et à la sécurité dans les lieux de travail; Art. 55";21;L installation garantit que les sorties d urgence sont équipées de lampes d urgence utilisées en cas d interruption accidentelle de l éclairage normal.;nan;0;0;0;0;18/07/2026
Situation d urgence;Évacuation;0;"Décret exécutif 91-05 du 19 janvier 1991 sur les prescriptions générales de protection par rapport à l hygiéne et à la sécurité dans les lieux de travail; Art. 56";22;Les postes de travail situés à différents niveaux ou sous-sol sont équipés d escaliers, quelle que soit l existence de remontées mécaniques ou d équipement similaire.;nan;0;0;0;0;18/07/2026
Situation d urgence;Évacuation;0;"Décret exécutif 91-05 du 19 janvier 1991 sur les prescriptions générales de protection par rapport à l hygiéne et à la sécurité dans les lieux de travail; Art. 56";23;Les bâtiments avec plusieurs niveaux sont équipés d au moins 2 escaliers.;nan;0;0;0;0;18/07/2026
Situation d urgence;Évacuation;0;"Décret exécutif 91-05 du 19 janvier 1991 sur les prescriptions générales de protection par rapport à l hygiéne et à la sécurité dans les lieux de travail; Art. 59";24;Partout où des matériaux inflammables sont utilisés, il y a des instructions écrites, approuvées par la défense civile, indiquant les personnes chargées de l évacuation des employés.;* Instructions écrites indiquant les personnes chargées de l évacuation des employés;0;0;0;0;18/07/2026
Situation d urgence;Évacuation;0;"Décret exécutif 91-05 du 19 janvier 1991 sur les prescriptions générales de protection par rapport à l hygiéne et à la sécurité dans les lieux de travail; Art. 54";25;La largeur des voies menant aux sorties de l installation ne doit pas être inférieure à 80 cm.;nan;0;0;0;0;18/07/2026
Situation d urgence;Lutte contre les incendies;0;"Décret exécutif 91-05 du 19 janvier 1991 sur les prescriptions générales de protection par rapport à l hygiéne et à la sécurité dans les lieux de travail; Art. 57";26;Il existe un nombre adéquat d extincteurs de différents types et capacités appropriés.;nan;0;0;0;0;18/07/2026
Situation d urgence;Lutte contre les incendies;0;"Décret exécutif 91-05 du 19 janvier 1991 sur les prescriptions générales de protection par rapport à l hygiéne et à la sécurité dans les lieux de travail; Art. 57";27;Les extincteurs sont facilement accessibles et adéquatement situés et distribués sur les postes de travail.;nan;0;0;0;0;18/07/2026
Situation d urgence;Lutte contre les incendies;0;"Décret exécutif 91-05 du 19 janvier 1991 sur les prescriptions générales de protection par rapport à l hygiéne et à la sécurité dans les lieux de travail; Art. 59";28;Partout où les matériaux inflammables sont utilisés des instructions spéciales sont données aux personnes chargées d assurer la sécurité et le contrôle.;* Instructions spéciales pour les personnes formées à la lutte contre l incendie;0;0;0;0;18/07/2026
Situation d urgence;Lutte contre les incendies;0;"Décret exécutif 91-05 du 19 janvier 1991 sur les prescriptions générales de protection par rapport à l hygiéne et à la sécurité dans les lieux de travail; Art. 60";29;Les extincteurs et les dispositifs de lutte contre les incendies sont testés et vérifiés périodiquement.;* Enregistrement des résultats des contrôles périodiques des extincteurs et des dispositifs pour la lutte contre les incendies;0;0;0;0;18/07/2026
Situation d urgence;Lutte contre les incendies;0;"Décret exécutif 91-05 du 19 janvier 1991 sur les prescriptions générales de protection par rapport à l hygiéne et à la sécurité dans les lieux de travail; Art. 62";30;Les installations de lutte contre les incendies sont inspectées et maintenues réguliérement.;nan;0;0;0;0;18/07/2026
Situation d urgence;Lutte contre les incendies;0;"Décret exécutif 91-05 du 19 janvier 1991 sur les prescriptions générales de protection par rapport à l hygiéne et à la sécurité dans les lieux de travail; Art. 59";31;Les instructions sur l utilisation de matériaux inflammables qui sont données aux employés ont d abord été approuvés par la défense civile.;* Instructions sur l utilisation de matériaux inflammables qui sont donnés aux employés;0;0;0;0;18/07/2026
Situation d urgence;Accidents industriels majeurs;0;"Droit n ° 04-20 du 25 décembre 2004 sur la prévention des risques majeurs et sur la gestion des catastrophes dans le contexte du développement durable; Art. 60";1;Si l installation exploite un établissement industriel, elle a réalisé une étude de danger (Étude de danger) avant de démarrer les opérations.;* Étude des dangers;0;0;0;0;18/07/2026
Situation d urgence;Accidents industriels majeurs;0;"Décret exécutif n ° 2009-335 du 20 octobre 2009, exposant les procédures de développement et de mise en œuvre de plans internes d intervention par les opérateurs des installations industrielles; Art. 6 Droit n ° 04-20 du 25 décembre 2004 sur la prévention des risques majeurs et sur la gestion des catastrophes dans le contexte du développement durable; Art. 62";2;Si l installation exploite un établissement industriel, il a établi un plan d action interne.;* Plan d action interne;0;0;0;0;18/07/2026
Situation d urgence;Accidents industriels majeurs;0;"Décret exécutif n ° 2009-335 du 20 octobre 2009, exposant les procédures de développement et de mise en œuvre de plans internes d intervention par les opérateurs des installations industrielles; Art. 9";3;Si l installation exploite une installation industrielle, elle garantit que les travailleurs sont instruits et formés sur les risques et procédures en cas d accident.;* Dossiers de formation des employés;0;0;0;0;18/07/2026
Situation d urgence;Accidents industriels majeurs;0;"Décret exécutif n ° 2009-335 du 20 octobre 2009, exposant les procédures de développement et de mise en œuvre de plans internes d intervention par les opérateurs des installations industrielles; Art. 14";4;Si l installation exploite une installation industrielle, il examine et met à jour son plan d action interne tous les 5 ans, chaque fois qu il modifie l installation ou lorsqu il le fait.;* Plan d action interne;0;0;0;0;18/07/2026
Situation d urgence;Accidents industriels majeurs;0;"Décret exécutif n ° 2009-335 du 20 octobre 2009, exposant les procédures de développement et de mise en œuvre de plans internes d intervention par les opérateurs des installations industrielles; Art. 16";5;Si l installation exploite une installation industrielle, elle informe les autorités de la circonstance de l accident, les produits et les substances dangereuses affectées, les données disponibles sur l impact sur l environnement et les mesures d urgence prises.;* Notification d accident de marchandises dangereuses;0;0;0;0;18/07/2026
Situation d urgence;Accidents industriels majeurs;0;"Ordonnance ministérielle du 20 janvier 2011 spécifiant les niveaux d intervention, d action et de dose en cas d urgence nucléaire ou radioactive; Art. 3";6;Si l installation gére les rayonnements ionisants, il garantit que les mesures appropriées sont prises lorsque des limites d exposition aux radiations ionisantes en cas d urgence ou d accidents ou d incidents nucléaires ou radioactifs sont atteints.;nan;0;0;0;0;18/07/2026
Situation d urgence;Accidents industriels majeurs;0;"Décret exécutif n ° 15-71 du 11 février 2015 établissant les procédures pour l élaboration et l adoption de plans d intervention pour les installations; Art. 7 Art. 12";7;Si l installation est nommée par le WALI local comme l un des installations qui nécessitent un plan d intervention spécifique, il assiste aux réunions du comité local établies pour préparer de tels plans spécifiques.;nan;0;0;0;0;18/07/2026
Situation d urgence;Accidents industriels majeurs;0;"Décret exécutif n ° 15-71 du 11 février 2015 établissant les procédures pour l élaboration et l adoption de plans d intervention pour les installations; Arts. 7 et 14";8;Si l installation est nommée par le WALI local comme l une des installations qui nécessitent un plan d intervention spécifique, il informe les services de protection civile à chaque fois qu il déclenche son plan d intervention interne.;* Plan d action interne;0;0;0;0;18/07/2026
